2026-10-04 20:58:44,052 INFO o.a.j.u.JMeterUtils: Setting Locale to en_EN
2026-10-04 20:58:44,060 INFO o.a.j.JMeter: Loading user properties from: C:\Users\Ducky\Downloads\apache-jmeter-5.6.3\bin\user.properties
2026-10-04 20:58:44,061 INFO o.a.j.JMeter: Loading system properties from: C:\Users\Ducky\Downloads\apache-jmeter-5.6.3\bin\system.properties
2026-10-04 20:58:44,061 INFO o.a.j.JMeter: Setting JMeter property: users=1000
2026-10-04 20:58:44,061 INFO o.a.j.JMeter: Setting JMeter property: rampup=30
2026-10-04 20:58:44,061 INFO o.a.j.JMeter: Setting JMeter property: loops=2
2026-10-04 20:58:44,061 INFO o.a.j.JMeter: Setting JMeter property: host=localhost
2026-10-04 20:58:44,061 INFO o.a.j.JMeter: Setting JMeter property: port=3000
2026-10-04 20:58:44,064 INFO o.a.j.JMeter: Copyright (c) 1998-2024 The Apache Software Foundation
2026-10-04 20:58:44,064 INFO o.a.j.JMeter: Version 5.6.3
2026-10-04 20:58:44,064 INFO o.a.j.JMeter: java.version=25.0.1
2026-10-04 20:58:44,064 INFO o.a.j.JMeter: java.vm.name=Java HotSpot(TM) 64-Bit Server VM
2026-10-04 20:58:44,064 INFO o.a.j.JMeter: os.name=Windows 11
2026-10-04 20:58:44,064 INFO o.a.j.JMeter: os.arch=amd64
2026-10-04 20:58:44,064 INFO o.a.j.JMeter: os.version=10.0
2026-10-04 20:58:44,064 INFO o.a.j.JMeter: file.encoding=UTF-8
2026-10-04 20:58:44,064 INFO o.a.j.JMeter: java.awt.headless=true
2026-10-04 20:58:44,064 INFO o.a.j.JMeter: Max memory     =4294967296
2026-10-04 20:58:44,064 INFO o.a.j.JMeter: Available Processors =16
2026-10-04 20:58:44,071 INFO o.a.j.JMeter: Default Locale=English (EN)
2026-10-04 20:58:44,072 INFO o.a.j.JMeter: JMeter  Locale=English (EN)
2026-10-04 20:58:44,072 INFO o.a.j.JMeter: JMeterHome=C:\Users\Ducky\Downloads\apache-jmeter-5.6.3
2026-10-04 20:58:44,072 INFO o.a.j.JMeter: user.dir  =D:\phoneme-builder
2026-10-04 20:58:44,072 INFO o.a.j.JMeter: PWD       =D:\phoneme-builder
2026-10-04 20:58:49,037 INFO o.a.j.JMeter: IP: 192.168.56.1 Name: Ducky FullName: Ducky
2026-10-04 20:58:49,046 INFO o.a.j.JMeter: Setting property 'jmeter.reportgenerator.outputdir' to:'D:\phoneme-builder\load-tests\results\x1000\report'
2026-10-04 20:58:49,048 INFO o.a.j.s.FileServer: Default base='D:\phoneme-builder'
2026-10-04 20:58:49,048 INFO o.a.j.s.FileServer: Set new base='D:\phoneme-builder\load-tests'
2026-10-04 20:58:49,173 INFO o.a.j.s.SaveService: Testplan (JMX) version: 2.2. Testlog (JTL) version: 2.2
2026-10-04 20:58:49,184 INFO o.a.j.s.SaveService: Using SaveService properties version 5.0
2026-10-04 20:58:49,186 INFO o.a.j.s.SaveService: Using SaveService properties file encoding UTF-8
2026-10-04 20:58:49,188 INFO o.a.j.s.SaveService: Loading file: D:\phoneme-builder\load-tests\phoneme-workflow.jmx
2026-10-04 20:58:49,215 INFO o.a.j.p.h.s.HTTPSamplerBase: Parser for text/html is org.apache.jmeter.protocol.http.parser.LagartoBasedHtmlParser
2026-10-04 20:58:49,215 INFO o.a.j.p.h.s.HTTPSamplerBase: Parser for application/xhtml+xml is org.apache.jmeter.protocol.http.parser.LagartoBasedHtmlParser
2026-10-04 20:58:49,215 INFO o.a.j.p.h.s.HTTPSamplerBase: Parser for application/xml is org.apache.jmeter.protocol.http.parser.LagartoBasedHtmlParser
2026-10-04 20:58:49,215 INFO o.a.j.p.h.s.HTTPSamplerBase: Parser for text/xml is org.apache.jmeter.protocol.http.parser.LagartoBasedHtmlParser
2026-10-04 20:58:49,215 INFO o.a.j.p.h.s.HTTPSamplerBase: Parser for text/vnd.wap.wml is org.apache.jmeter.protocol.http.parser.RegexpHTMLParser
2026-10-04 20:58:49,215 INFO o.a.j.p.h.s.HTTPSamplerBase: Parser for text/css is org.apache.jmeter.protocol.http.parser.CssParser
2026-10-04 20:58:49,223 INFO o.a.j.JMeter: Creating summariser <summary>
2026-10-04 20:58:49,227 INFO o.a.j.r.d.ReportGenerator: ReportGenerator will use for Parsing the separator: ','
2026-10-04 20:58:49,227 INFO o.a.j.r.d.ReportGenerator: Will generate report at end of test from  results file: D:\phoneme-builder\load-tests\results\x1000\results.jtl
2026-10-04 20:58:49,227 INFO o.a.j.r.d.ReportGenerator: Reading report generator properties from: C:\Users\Ducky\Downloads\apache-jmeter-5.6.3\bin\reportgenerator.properties
2026-10-04 20:58:49,228 INFO o.a.j.r.d.ReportGenerator: Merging with JMeter properties
2026-10-04 20:58:49,229 INFO o.a.j.r.c.ReportGeneratorConfiguration: Property 'jmeter.reportgenerator.temp_dir' not found, using default value 'temp' instead.
2026-10-04 20:58:49,230 INFO o.a.j.r.c.ReportGeneratorConfiguration: Property 'jmeter.reportgenerator.apdex_per_transaction' not found, using default value 'null' instead.
2026-10-04 20:58:49,230 INFO o.a.j.r.c.ReportGeneratorConfiguration: apdex_per_transaction is empty, not APDEX per transaction customization
2026-10-04 20:58:49,230 INFO o.a.j.r.c.ReportGeneratorConfiguration: Property 'jmeter.reportgenerator.sample_filter' not found, using default value 'null' instead.
2026-10-04 20:58:49,230 INFO o.a.j.r.c.ReportGeneratorConfiguration: Property 'jmeter.reportgenerator.report_title' not found, using default value 'null' instead.
2026-10-04 20:58:49,230 INFO o.a.j.r.c.ReportGeneratorConfiguration: Property 'jmeter.reportgenerator.start_date' not found, using default value 'null' instead.
2026-10-04 20:58:49,230 INFO o.a.j.r.c.ReportGeneratorConfiguration: Property 'jmeter.reportgenerator.end_date' not found, using default value 'null' instead.
2026-10-04 20:58:49,230 INFO o.a.j.r.c.ReportGeneratorConfiguration: Property 'jmeter.reportgenerator.date_format' not found, using default value 'null' instead.
2026-10-04 20:58:49,231 INFO o.a.j.r.c.ReportGeneratorConfiguration: Will use date range start date: null, end date: null
2026-10-04 20:58:49,232 INFO o.a.j.r.c.ReportGeneratorConfiguration: Property 'jmeter.reportgenerator.graph.totalTPS.exclude_controllers' not found, using default value 'false' instead.
2026-10-04 20:58:49,232 INFO o.a.j.r.c.ReportGeneratorConfiguration: Property 'jmeter.reportgenerator.graph.activeThreadsOverTime.exclude_controllers' not found, using default value 'false' instead.
2026-10-04 20:58:49,232 INFO o.a.j.r.c.ReportGeneratorConfiguration: Property 'jmeter.reportgenerator.graph.timeVsThreads.exclude_controllers' not found, using default value 'false' instead.
2026-10-04 20:58:49,232 INFO o.a.j.r.c.ReportGeneratorConfiguration: Property 'jmeter.reportgenerator.graph.responseTimeDistribution.exclude_controllers' not found, using default value 'false' instead.
2026-10-04 20:58:49,232 INFO o.a.j.r.c.ReportGeneratorConfiguration: Property 'jmeter.reportgenerator.graph.transactionsPerSecond.exclude_controllers' not found, using default value 'false' instead.
2026-10-04 20:58:49,233 INFO o.a.j.r.c.ReportGeneratorConfiguration: Property 'jmeter.reportgenerator.graph.responseTimePercentiles.exclude_controllers' not found, using default value 'false' instead.
2026-10-04 20:58:49,233 INFO o.a.j.r.c.ReportGeneratorConfiguration: Property 'jmeter.reportgenerator.graph.responseTimePercentilesOverTime.exclude_controllers' not found, using default value 'false' instead.
2026-10-04 20:58:49,233 INFO o.a.j.r.c.ReportGeneratorConfiguration: Property 'jmeter.reportgenerator.graph.responseTimesOverTime.exclude_controllers' not found, using default value 'false' instead.
2026-10-04 20:58:49,233 INFO o.a.j.r.c.ReportGeneratorConfiguration: Property 'jmeter.reportgenerator.graph.connectTimeOverTime.exclude_controllers' not found, using default value 'false' instead.
2026-10-04 20:58:49,233 INFO o.a.j.r.c.ReportGeneratorConfiguration: Property 'jmeter.reportgenerator.graph.latenciesOverTime.exclude_controllers' not found, using default value 'false' instead.
2026-10-04 20:58:49,233 INFO o.a.j.r.c.ReportGeneratorConfiguration: Property 'jmeter.reportgenerator.exporter.json.filters_only_sample_series' not found, using default value 'true' instead.
2026-10-04 20:58:49,233 INFO o.a.j.r.c.ReportGeneratorConfiguration: Property 'jmeter.reportgenerator.exporter.json.series_filter' not found, using default value '' instead.
2026-10-04 20:58:49,233 INFO o.a.j.r.c.ReportGeneratorConfiguration: Property 'jmeter.reportgenerator.exporter.json.show_controllers_only' not found, using default value 'false' instead.
2026-10-04 20:58:49,234 INFO o.a.j.r.c.ReportGeneratorConfiguration: Property 'jmeter.reportgenerator.exporter.html.filters_only_sample_series' not found, using default value 'true' instead.
2026-10-04 20:58:49,234 INFO o.a.j.r.c.ReportGeneratorConfiguration: Property 'jmeter.reportgenerator.exporter.html.series_filter' not found, using default value '' instead.
2026-10-04 20:58:49,234 INFO o.a.j.r.c.ReportGeneratorConfiguration: Property 'jmeter.reportgenerator.exporter.html.show_controllers_only' not found, using default value 'false' instead.
2026-10-04 20:58:49,240 INFO o.a.j.e.StandardJMeterEngine: Running the test!
2026-10-04 20:58:49,241 INFO o.a.j.s.SampleEvent: List of sample_variables: []
2026-10-04 20:58:49,241 INFO o.a.j.s.SampleEvent: List of sample_variables: []
2026-10-04 20:58:49,243 INFO o.a.j.e.u.CompoundVariable: Note: Function class names must contain the string: '.functions.'
2026-10-04 20:58:49,243 INFO o.a.j.e.u.CompoundVariable: Note: Function class names must not contain the string: '.gui.'
2026-10-04 20:58:49,282 INFO o.a.j.JMeter: Running test (1791107929282)
2026-10-04 20:58:49,291 INFO o.a.j.e.StandardJMeterEngine: Starting ThreadGroup: 1 : Teachers and learners
2026-10-04 20:58:49,291 INFO o.a.j.e.StandardJMeterEngine: Starting 1000 threads for group Teachers and learners.
2026-10-04 20:58:49,291 INFO o.a.j.e.StandardJMeterEngine: Thread will continue on error
2026-10-04 20:58:49,291 INFO o.a.j.t.ThreadGroup: Starting thread group... number=1 threads=1000 ramp-up=30 delayedStart=false
2026-10-04 20:58:49,295 INFO o.a.j.t.JMeterThread: Thread started: Teachers and learners 1-1
2026-10-04 20:58:49,323 INFO o.a.j.t.JMeterThread: Thread started: Teachers and learners 1-2
2026-10-04 20:58:49,354 INFO o.a.j.t.JMeterThread: Thread started: Teachers and learners 1-3
2026-10-04 20:58:49,383 INFO o.a.j.t.JMeterThread: Thread started: Teachers and learners 1-4
2026-10-04 20:58:49,412 INFO o.a.j.t.JMeterThread: Thread started: Teachers and learners 1-5
2026-10-04 20:58:49,423 INFO o.a.j.t.ThreadGroup: Started thread group number 1
2026-10-04 20:58:49,423 INFO o.a.j.e.StandardJMeterEngine: All thread groups have been started
2026-10-04 20:58:49,442 INFO o.a.j.t.JMeterThread: Thread started: Teachers and learners 1-6
2026-10-04 20:58:49,473 INFO o.a.j.t.JMeterThread: Thread started: Teachers and learners 1-7
2026-10-04 20:58:49,503 INFO o.a.j.t.JMeterThread: Thread started: Teachers and learners 1-8
2026-10-04 20:58:49,534 INFO o.a.j.t.JMeterThread: Thread started: Teachers and learners 1-9
2026-10-04 20:58:49,562 INFO o.a.j.t.JMeterThread: Thread started: Teachers and learners 1-10
2026-10-04 20:58:49,593 INFO o.a.j.t.JMeterThread: Thread started: Teachers and learners 1-11
2026-10-04 20:58:49,622 INFO o.a.j.t.JMeterThread: Thread started: Teachers and learners 1-12
2026-10-04 20:58:49,653 INFO o.a.j.t.JMeterThread: Thread started: Teachers and learners 1-13
2026-10-04 20:58:49,678 INFO o.a.j.p.h.s.HTTPHCAbstractImpl: Local host = Ducky
2026-10-04 20:58:49,681 INFO o.a.j.p.h.s.HTTPHC4Impl: HTTP request retry count = 0
2026-10-04 20:58:49,682 INFO o.a.j.s.SampleResult: Note: Sample TimeStamps are START times
2026-10-04 20:58:49,682 INFO o.a.j.t.JMeterThread: Thread started: Teachers and learners 1-14
2026-10-04 20:58:49,682 INFO o.a.j.s.SampleResult: sampleresult.default.encoding is set to UTF-8
2026-10-04 20:58:49,682 INFO o.a.j.s.SampleResult: sampleresult.useNanoTime=true
2026-10-04 20:58:49,682 INFO o.a.j.s.SampleResult: sampleresult.nanoThreadSleep=5000
2026-10-04 20:58:49,713 INFO o.a.j.t.JMeterThread: Thread started: Teachers and learners 1-15
2026-10-04 20:58:49,743 INFO o.a.j.t.JMeterThread: Thread started: Teachers and learners 1-16
2026-10-04 20:58:49,773 INFO o.a.j.t.JMeterThread: Thread started: Teachers and learners 1-17
2026-10-04 20:58:49,803 INFO o.a.j.t.JMeterThread: Thread started: Teachers and learners 1-18
2026-10-04 20:58:49,832 INFO o.a.j.t.JMeterThread: Thread started: Teachers and learners 1-19
2026-10-04 20:58:49,863 INFO o.a.j.t.JMeterThread: Thread started: Teachers and learners 1-20
2026-10-04 20:58:49,893 INFO o.a.j.t.JMeterThread: Thread started: Teachers and learners 1-21
2026-10-04 20:58:49,923 INFO o.a.j.t.JMeterThread: Thread started: Teachers and learners 1-22
2026-10-04 20:58:49,953 INFO o.a.j.t.JMeterThread: Thread started: Teachers and learners 1-23
2026-10-04 20:58:49,983 INFO o.a.j.t.JMeterThread: Thread started: Teachers and learners 1-24
2026-10-04 20:58:50,012 INFO o.a.j.t.JMeterThread: Thread started: Teachers and learners 1-25
2026-10-04 20:58:50,041 INFO o.a.j.t.JMeterThread: Thread started: Teachers and learners 1-26
2026-10-04 20:58:50,072 INFO o.a.j.t.JMeterThread: Thread started: Teachers and learners 1-27
2026-10-04 20:58:50,101 INFO o.a.j.t.JMeterThread: Thread started: Teachers and learners 1-28
2026-10-04 20:58:50,133 INFO o.a.j.t.JMeterThread: Thread started: Teachers and learners 1-29
2026-10-04 20:58:50,163 INFO o.a.j.t.JMeterThread: Thread started: Teachers and learners 1-30
2026-10-04 20:58:50,192 INFO o.a.j.t.JMeterThread: Thread started: Teachers and learners 1-31
2026-10-04 20:58:50,222 INFO o.a.j.t.JMeterThread: Thread started: Teachers and learners 1-32
2026-10-04 20:58:50,252 INFO o.a.j.t.JMeterThread: Thread started: Teachers and learners 1-33
2026-10-04 20:58:50,282 INFO o.a.j.t.JMeterThread: Thread started: Teachers and learners 1-34
2026-10-04 20:58:50,311 INFO o.a.j.t.JMeterThread: Thread started: Teachers and learners 1-35
2026-10-04 20:58:50,341 INFO o.a.j.t.JMeterThread: Thread started: Teachers and learners 1-36
2026-10-04 20:58:50,373 INFO o.a.j.t.JMeterThread: Thread started: Teachers and learners 1-37
2026-10-04 20:58:50,403 INFO o.a.j.t.JMeterThread: Thread started: Teachers and learners 1-38
2026-10-04 20:58:50,433 INFO o.a.j.t.JMeterThread: Thread started: Teachers and learners 1-39
2026-10-04 20:58:50,462 INFO o.a.j.t.JMeterThread: Thread started: Teachers and learners 1-40
2026-10-04 20:58:50,492 INFO o.a.j.t.JMeterThread: Thread started: Teachers and learners 1-41
2026-10-04 20:58:50,522 INFO o.a.j.t.JMeterThread: Thread started: Teachers and learners 1-42
2026-10-04 20:58:50,552 INFO o.a.j.t.JMeterThread: Thread started: Teachers and learners 1-43
2026-10-04 20:58:50,583 INFO o.a.j.t.JMeterThread: Thread started: Teachers and learners 1-44
2026-10-04 20:58:50,613 INFO o.a.j.t.JMeterThread: Thread started: Teachers and learners 1-45
2026-10-04 20:58:50,642 INFO o.a.j.t.JMeterThread: Thread started: Teachers and learners 1-46
2026-10-04 20:58:50,671 INFO o.a.j.t.JMeterThread: Thread started: Teachers and learners 1-47
2026-10-04 20:58:50,701 INFO o.a.j.t.JMeterThread: Thread started: Teachers and learners 1-48
2026-10-04 20:58:50,731 INFO o.a.j.t.JMeterThread: Thread started: Teachers and learners 1-49
2026-10-04 20:58:50,761 INFO o.a.j.t.JMeterThread: Thread started: Teachers and learners 1-50
2026-10-04 20:58:50,792 INFO o.a.j.t.JMeterThread: Thread started: Teachers and learners 1-51
2026-10-04 20:58:50,822 INFO o.a.j.t.JMeterThread: Thread started: Teachers and learners 1-52
2026-10-04 20:58:50,852 INFO o.a.j.t.JMeterThread: Thread started: Teachers and learners 1-53
2026-10-04 20:58:50,881 INFO o.a.j.t.JMeterThread: Thread started: Teachers and learners 1-54
2026-10-04 20:58:50,911 INFO o.a.j.t.JMeterThread: Thread started: Teachers and learners 1-55
2026-10-04 20:58:50,941 INFO o.a.j.t.JMeterThread: Thread started: Teachers and learners 1-56
2026-10-04 20:58:50,972 INFO o.a.j.t.JMeterThread: Thread started: Teachers and learners 1-57
2026-10-04 20:58:51,002 INFO o.a.j.t.JMeterThread: Thread started: Teachers and learners 1-58
2026-10-04 20:58:51,032 INFO o.a.j.t.JMeterThread: Thread started: Teachers and learners 1-59
2026-10-04 20:58:51,061 INFO o.a.j.t.JMeterThread: Thread started: Teachers and learners 1-60
2026-10-04 20:58:51,091 INFO o.a.j.t.JMeterThread: Thread started: Teachers and learners 1-61
2026-10-04 20:58:51,122 INFO o.a.j.t.JMeterThread: Thread started: Teachers and learners 1-62
2026-10-04 20:58:51,153 INFO o.a.j.t.JMeterThread: Thread started: Teachers and learners 1-63
2026-10-04 20:58:51,182 INFO o.a.j.t.JMeterThread: Thread started: Teachers and learners 1-64
2026-10-04 20:58:51,212 INFO o.a.j.t.JMeterThread: Thread started: Teachers and learners 1-65
2026-10-04 20:58:51,241 INFO o.a.j.t.JMeterThread: Thread started: Teachers and learners 1-66
2026-10-04 20:58:51,272 INFO o.a.j.t.JMeterThread: Thread started: Teachers and learners 1-67
2026-10-04 20:58:51,302 INFO o.a.j.t.JMeterThread: Thread started: Teachers and learners 1-68
2026-10-04 20:58:51,333 INFO o.a.j.t.JMeterThread: Thread started: Teachers and learners 1-69
2026-10-04 20:58:51,363 INFO o.a.j.t.JMeterThread: Thread started: Teachers and learners 1-70
2026-10-04 20:58:51,393 INFO o.a.j.t.JMeterThread: Thread started: Teachers and learners 1-71
2026-10-04 20:58:51,422 INFO o.a.j.t.JMeterThread: Thread started: Teachers and learners 1-72
2026-10-04 20:58:51,451 INFO o.a.j.t.JMeterThread: Thread started: Teachers and learners 1-73
2026-10-04 20:58:51,482 INFO o.a.j.t.JMeterThread: Thread started: Teachers and learners 1-74
2026-10-04 20:58:51,511 INFO o.a.j.t.JMeterThread: Thread started: Teachers and learners 1-75
2026-10-04 20:58:51,542 INFO o.a.j.t.JMeterThread: Thread started: Teachers and learners 1-76
2026-10-04 20:58:51,571 INFO o.a.j.t.JMeterThread: Thread started: Teachers and learners 1-77
2026-10-04 20:58:51,602 INFO o.a.j.t.JMeterThread: Thread started: Teachers and learners 1-78
2026-10-04 20:58:51,632 INFO o.a.j.t.JMeterThread: Thread started: Teachers and learners 1-79
2026-10-04 20:58:51,662 INFO o.a.j.t.JMeterThread: Thread started: Teachers and learners 1-80
2026-10-04 20:58:51,692 INFO o.a.j.t.JMeterThread: Thread started: Teachers and learners 1-81
2026-10-04 20:58:51,721 INFO o.a.j.t.JMeterThread: Thread started: Teachers and learners 1-82
2026-10-04 20:58:51,751 INFO o.a.j.t.JMeterThread: Thread started: Teachers and learners 1-83
2026-10-04 20:58:51,781 INFO o.a.j.t.JMeterThread: Thread started: Teachers and learners 1-84
2026-10-04 20:58:51,812 INFO o.a.j.t.JMeterThread: Thread started: Teachers and learners 1-85
2026-10-04 20:58:51,843 INFO o.a.j.t.JMeterThread: Thread started: Teachers and learners 1-86
2026-10-04 20:58:51,872 INFO o.a.j.t.JMeterThread: Thread started: Teachers and learners 1-87
2026-10-04 20:58:51,901 INFO o.a.j.t.JMeterThread: Thread started: Teachers and learners 1-88
2026-10-04 20:58:51,931 INFO o.a.j.t.JMeterThread: Thread started: Teachers and learners 1-89
2026-10-04 20:58:51,961 INFO o.a.j.t.JMeterThread: Thread started: Teachers and learners 1-90
2026-10-04 20:58:51,991 INFO o.a.j.t.JMeterThread: Thread started: Teachers and learners 1-91
2026-10-04 20:58:52,022 INFO o.a.j.t.JMeterThread: Thread started: Teachers and learners 1-92
2026-10-04 20:58:52,051 INFO o.a.j.t.JMeterThread: Thread started: Teachers and learners 1-93
2026-10-04 20:58:52,082 INFO o.a.j.t.JMeterThread: Thread started: Teachers and learners 1-94
2026-10-04 20:58:52,112 INFO o.a.j.t.JMeterThread: Thread started: Teachers and learners 1-95
2026-10-04 20:58:52,141 INFO o.a.j.t.JMeterThread: Thread started: Teachers and learners 1-96
2026-10-04 20:58:52,171 INFO o.a.j.t.JMeterThread: Thread started: Teachers and learners 1-97
2026-10-04 20:58:52,201 INFO o.a.j.t.JMeterThread: Thread started: Teachers and learners 1-98
2026-10-04 20:58:52,231 INFO o.a.j.t.JMeterThread: Thread started: Teachers and learners 1-99
2026-10-04 20:58:52,261 INFO o.a.j.t.JMeterThread: Thread started: Teachers and learners 1-100
2026-10-04 20:58:52,293 INFO o.a.j.t.JMeterThread: Thread started: Teachers and learners 1-101
2026-10-04 20:58:52,322 INFO o.a.j.t.JMeterThread: Thread started: Teachers and learners 1-102
2026-10-04 20:58:52,352 INFO o.a.j.t.JMeterThread: Thread started: Teachers and learners 1-103
2026-10-04 20:58:52,381 INFO o.a.j.t.JMeterThread: Thread started: Teachers and learners 1-104
2026-10-04 20:58:52,411 INFO o.a.j.t.JMeterThread: Thread started: Teachers and learners 1-105
2026-10-04 20:58:52,442 INFO o.a.j.t.JMeterThread: Thread started: Teachers and learners 1-106
2026-10-04 20:58:52,472 INFO o.a.j.t.JMeterThread: Thread started: Teachers and learners 1-107
2026-10-04 20:58:52,501 INFO o.a.j.t.JMeterThread: Thread started: Teachers and learners 1-108
2026-10-04 20:58:52,532 INFO o.a.j.t.JMeterThread: Thread started: Teachers and learners 1-109
2026-10-04 20:58:52,563 INFO o.a.j.t.JMeterThread: Thread started: Teachers and learners 1-110
2026-10-04 20:58:52,593 INFO o.a.j.t.JMeterThread: Thread started: Teachers and learners 1-111
2026-10-04 20:58:52,622 INFO o.a.j.t.JMeterThread: Thread started: Teachers and learners 1-112
2026-10-04 20:58:52,652 INFO o.a.j.t.JMeterThread: Thread started: Teachers and learners 1-113
2026-10-04 20:58:52,682 INFO o.a.j.t.JMeterThread: Thread started: Teachers and learners 1-114
2026-10-04 20:58:52,712 INFO o.a.j.t.JMeterThread: Thread started: Teachers and learners 1-115
2026-10-04 20:58:52,742 INFO o.a.j.t.JMeterThread: Thread started: Teachers and learners 1-116
2026-10-04 20:58:52,772 INFO o.a.j.t.JMeterThread: Thread started: Teachers and learners 1-117
2026-10-04 20:58:52,803 INFO o.a.j.t.JMeterThread: Thread started: Teachers and learners 1-118
2026-10-04 20:58:52,833 INFO o.a.j.t.JMeterThread: Thread started: Teachers and learners 1-119
2026-10-04 20:58:52,864 INFO o.a.j.t.JMeterThread: Thread started: Teachers and learners 1-120
2026-10-04 20:58:52,892 INFO o.a.j.t.JMeterThread: Thread started: Teachers and learners 1-121
2026-10-04 20:58:52,921 INFO o.a.j.t.JMeterThread: Thread started: Teachers and learners 1-122
2026-10-04 20:58:52,951 INFO o.a.j.t.JMeterThread: Thread started: Teachers and learners 1-123
2026-10-04 20:58:52,981 INFO o.a.j.t.JMeterThread: Thread started: Teachers and learners 1-124
2026-10-04 20:58:53,011 INFO o.a.j.t.JMeterThread: Thread started: Teachers and learners 1-125
2026-10-04 20:58:53,042 INFO o.a.j.t.JMeterThread: Thread started: Teachers and learners 1-126
2026-10-04 20:58:53,071 INFO o.a.j.t.JMeterThread: Thread started: Teachers and learners 1-127
2026-10-04 20:58:53,103 INFO o.a.j.t.JMeterThread: Thread started: Teachers and learners 1-128
2026-10-04 20:58:53,133 INFO o.a.j.t.JMeterThread: Thread started: Teachers and learners 1-129
2026-10-04 20:58:53,161 INFO o.a.j.t.JMeterThread: Thread started: Teachers and learners 1-130
2026-10-04 20:58:53,192 INFO o.a.j.t.JMeterThread: Thread started: Teachers and learners 1-131
2026-10-04 20:58:53,221 INFO o.a.j.t.JMeterThread: Thread started: Teachers and learners 1-132
2026-10-04 20:58:53,252 INFO o.a.j.t.JMeterThread: Thread started: Teachers and learners 1-133
2026-10-04 20:58:53,281 INFO o.a.j.t.JMeterThread: Thread started: Teachers and learners 1-134
2026-10-04 20:58:53,312 INFO o.a.j.t.JMeterThread: Thread started: Teachers and learners 1-135
2026-10-04 20:58:53,342 INFO o.a.j.t.JMeterThread: Thread started: Teachers and learners 1-136
2026-10-04 20:58:53,373 INFO o.a.j.t.JMeterThread: Thread started: Teachers and learners 1-137
2026-10-04 20:58:53,401 INFO o.a.j.t.JMeterThread: Thread started: Teachers and learners 1-138
2026-10-04 20:58:53,431 INFO o.a.j.t.JMeterThread: Thread started: Teachers and learners 1-139
2026-10-04 20:58:53,462 INFO o.a.j.t.JMeterThread: Thread started: Teachers and learners 1-140
2026-10-04 20:58:53,491 INFO o.a.j.t.JMeterThread: Thread started: Teachers and learners 1-141
2026-10-04 20:58:53,521 INFO o.a.j.t.JMeterThread: Thread started: Teachers and learners 1-142
2026-10-04 20:58:53,551 INFO o.a.j.t.JMeterThread: Thread started: Teachers and learners 1-143
2026-10-04 20:58:53,582 INFO o.a.j.t.JMeterThread: Thread started: Teachers and learners 1-144
2026-10-04 20:58:53,612 INFO o.a.j.t.JMeterThread: Thread started: Teachers and learners 1-145
2026-10-04 20:58:53,642 INFO o.a.j.t.JMeterThread: Thread started: Teachers and learners 1-146
2026-10-04 20:58:53,671 INFO o.a.j.t.JMeterThread: Thread started: Teachers and learners 1-147
2026-10-04 20:58:53,701 INFO o.a.j.t.JMeterThread: Thread started: Teachers and learners 1-148
2026-10-04 20:58:53,731 INFO o.a.j.t.JMeterThread: Thread started: Teachers and learners 1-149
2026-10-04 20:58:53,761 INFO o.a.j.t.JMeterThread: Thread started: Teachers and learners 1-150
2026-10-04 20:58:53,791 INFO o.a.j.t.JMeterThread: Thread started: Teachers and learners 1-151
2026-10-04 20:58:53,822 INFO o.a.j.t.JMeterThread: Thread started: Teachers and learners 1-152
2026-10-04 20:58:53,852 INFO o.a.j.t.JMeterThread: Thread started: Teachers and learners 1-153
2026-10-04 20:58:53,882 INFO o.a.j.t.JMeterThread: Thread started: Teachers and learners 1-154
2026-10-04 20:58:53,912 INFO o.a.j.t.JMeterThread: Thread started: Teachers and learners 1-155
2026-10-04 20:58:53,941 INFO o.a.j.t.JMeterThread: Thread started: Teachers and learners 1-156
2026-10-04 20:58:53,971 INFO o.a.j.t.JMeterThread: Thread started: Teachers and learners 1-157
2026-10-04 20:58:54,001 INFO o.a.j.t.JMeterThread: Thread started: Teachers and learners 1-158
2026-10-04 20:58:54,031 INFO o.a.j.t.JMeterThread: Thread started: Teachers and learners 1-159
2026-10-04 20:58:54,061 INFO o.a.j.t.JMeterThread: Thread started: Teachers and learners 1-160
2026-10-04 20:58:54,091 INFO o.a.j.t.JMeterThread: Thread started: Teachers and learners 1-161
2026-10-04 20:58:54,123 INFO o.a.j.t.JMeterThread: Thread started: Teachers and learners 1-162
2026-10-04 20:58:54,152 INFO o.a.j.t.JMeterThread: Thread started: Teachers and learners 1-163
2026-10-04 20:58:54,181 INFO o.a.j.t.JMeterThread: Thread started: Teachers and learners 1-164
2026-10-04 20:58:54,211 INFO o.a.j.t.JMeterThread: Thread started: Teachers and learners 1-165
2026-10-04 20:58:54,241 INFO o.a.j.t.JMeterThread: Thread started: Teachers and learners 1-166
2026-10-04 20:58:54,271 INFO o.a.j.t.JMeterThread: Thread started: Teachers and learners 1-167
2026-10-04 20:58:54,301 INFO o.a.j.t.JMeterThread: Thread started: Teachers and learners 1-168
2026-10-04 20:58:54,332 INFO o.a.j.t.JMeterThread: Thread started: Teachers and learners 1-169
2026-10-04 20:58:54,362 INFO o.a.j.t.JMeterThread: Thread started: Teachers and learners 1-170
2026-10-04 20:58:54,392 INFO o.a.j.t.JMeterThread: Thread started: Teachers and learners 1-171
2026-10-04 20:58:54,422 INFO o.a.j.t.JMeterThread: Thread started: Teachers and learners 1-172
2026-10-04 20:58:54,452 INFO o.a.j.t.JMeterThread: Thread started: Teachers and learners 1-173
2026-10-04 20:58:54,482 INFO o.a.j.t.JMeterThread: Thread started: Teachers and learners 1-174
2026-10-04 20:58:54,512 INFO o.a.j.t.JMeterThread: Thread started: Teachers and learners 1-175
2026-10-04 20:58:54,542 INFO o.a.j.t.JMeterThread: Thread started: Teachers and learners 1-176
2026-10-04 20:58:54,572 INFO o.a.j.t.JMeterThread: Thread started: Teachers and learners 1-177
2026-10-04 20:58:54,602 INFO o.a.j.t.JMeterThread: Thread started: Teachers and learners 1-178
2026-10-04 20:58:54,633 INFO o.a.j.t.JMeterThread: Thread started: Teachers and learners 1-179
2026-10-04 20:58:54,663 INFO o.a.j.t.JMeterThread: Thread started: Teachers and learners 1-180
2026-10-04 20:58:54,693 INFO o.a.j.t.JMeterThread: Thread started: Teachers and learners 1-181
2026-10-04 20:58:54,722 INFO o.a.j.t.JMeterThread: Thread started: Teachers and learners 1-182
2026-10-04 20:58:54,752 INFO o.a.j.t.JMeterThread: Thread started: Teachers and learners 1-183
2026-10-04 20:58:54,783 INFO o.a.j.t.JMeterThread: Thread started: Teachers and learners 1-184
2026-10-04 20:58:54,812 INFO o.a.j.t.JMeterThread: Thread started: Teachers and learners 1-185
2026-10-04 20:58:54,842 INFO o.a.j.t.JMeterThread: Thread started: Teachers and learners 1-186
2026-10-04 20:58:54,872 INFO o.a.j.t.JMeterThread: Thread started: Teachers and learners 1-187
2026-10-04 20:58:54,902 INFO o.a.j.t.JMeterThread: Thread started: Teachers and learners 1-188
2026-10-04 20:58:54,933 INFO o.a.j.t.JMeterThread: Thread started: Teachers and learners 1-189
2026-10-04 20:58:54,963 INFO o.a.j.t.JMeterThread: Thread started: Teachers and learners 1-190
2026-10-04 20:58:54,993 INFO o.a.j.t.JMeterThread: Thread started: Teachers and learners 1-191
2026-10-04 20:58:55,023 INFO o.a.j.t.JMeterThread: Thread started: Teachers and learners 1-192
2026-10-04 20:58:55,054 INFO o.a.j.t.JMeterThread: Thread started: Teachers and learners 1-193
2026-10-04 20:58:55,083 INFO o.a.j.t.JMeterThread: Thread started: Teachers and learners 1-194
2026-10-04 20:58:55,112 INFO o.a.j.t.JMeterThread: Thread started: Teachers and learners 1-195
2026-10-04 20:58:55,143 INFO o.a.j.t.JMeterThread: Thread started: Teachers and learners 1-196
2026-10-04 20:58:55,172 INFO o.a.j.t.JMeterThread: Thread started: Teachers and learners 1-197
2026-10-04 20:58:55,202 INFO o.a.j.t.JMeterThread: Thread started: Teachers and learners 1-198
2026-10-04 20:58:55,232 INFO o.a.j.t.JMeterThread: Thread started: Teachers and learners 1-199
2026-10-04 20:58:55,262 INFO o.a.j.t.JMeterThread: Thread started: Teachers and learners 1-200
2026-10-04 20:58:55,291 INFO o.a.j.t.JMeterThread: Thread started: Teachers and learners 1-201
2026-10-04 20:58:55,321 INFO o.a.j.t.JMeterThread: Thread started: Teachers and learners 1-202
2026-10-04 20:58:55,351 INFO o.a.j.t.JMeterThread: Thread started: Teachers and learners 1-203
2026-10-04 20:58:55,381 INFO o.a.j.t.JMeterThread: Thread started: Teachers and learners 1-204
2026-10-04 20:58:55,413 INFO o.a.j.t.JMeterThread: Thread started: Teachers and learners 1-205
2026-10-04 20:58:55,443 INFO o.a.j.t.JMeterThread: Thread started: Teachers and learners 1-206
2026-10-04 20:58:55,471 INFO o.a.j.t.JMeterThread: Thread started: Teachers and learners 1-207
2026-10-04 20:58:55,474 INFO o.a.j.t.JMeterThread: Thread is done: Teachers and learners 1-17
2026-10-04 20:58:55,474 INFO o.a.j.t.JMeterThread: Thread finished: Teachers and learners 1-17
2026-10-04 20:58:55,501 INFO o.a.j.t.JMeterThread: Thread started: Teachers and learners 1-208
2026-10-04 20:58:55,531 INFO o.a.j.t.JMeterThread: Thread started: Teachers and learners 1-209
2026-10-04 20:58:55,562 INFO o.a.j.t.JMeterThread: Thread started: Teachers and learners 1-210
2026-10-04 20:58:55,592 INFO o.a.j.t.JMeterThread: Thread started: Teachers and learners 1-211
2026-10-04 20:58:55,622 INFO o.a.j.t.JMeterThread: Thread started: Teachers and learners 1-212
2026-10-04 20:58:55,652 INFO o.a.j.t.JMeterThread: Thread started: Teachers and learners 1-213
2026-10-04 20:58:55,681 INFO o.a.j.t.JMeterThread: Thread started: Teachers and learners 1-214
2026-10-04 20:58:55,712 INFO o.a.j.t.JMeterThread: Thread started: Teachers and learners 1-215
2026-10-04 20:58:55,741 INFO o.a.j.t.JMeterThread: Thread started: Teachers and learners 1-216
2026-10-04 20:58:55,772 INFO o.a.j.t.JMeterThread: Thread started: Teachers and learners 1-217
2026-10-04 20:58:55,802 INFO o.a.j.t.JMeterThread: Thread started: Teachers and learners 1-218
2026-10-04 20:58:55,832 INFO o.a.j.t.JMeterThread: Thread started: Teachers and learners 1-219
2026-10-04 20:58:55,862 INFO o.a.j.t.JMeterThread: Thread started: Teachers and learners 1-220
2026-10-04 20:58:55,891 INFO o.a.j.t.JMeterThread: Thread started: Teachers and learners 1-221
2026-10-04 20:58:55,923 INFO o.a.j.t.JMeterThread: Thread started: Teachers and learners 1-222
2026-10-04 20:58:55,938 INFO o.a.j.t.JMeterThread: Thread is done: Teachers and learners 1-5
2026-10-04 20:58:55,938 INFO o.a.j.t.JMeterThread: Thread finished: Teachers and learners 1-5
2026-10-04 20:58:55,952 INFO o.a.j.t.JMeterThread: Thread started: Teachers and learners 1-223
2026-10-04 20:58:55,983 INFO o.a.j.t.JMeterThread: Thread started: Teachers and learners 1-224
2026-10-04 20:58:56,012 INFO o.a.j.t.JMeterThread: Thread started: Teachers and learners 1-225
2026-10-04 20:58:56,041 INFO o.a.j.t.JMeterThread: Thread started: Teachers and learners 1-226
2026-10-04 20:58:56,071 INFO o.a.j.t.JMeterThread: Thread started: Teachers and learners 1-227
2026-10-04 20:58:56,101 INFO o.a.j.t.JMeterThread: Thread started: Teachers and learners 1-228
2026-10-04 20:58:56,131 INFO o.a.j.t.JMeterThread: Thread started: Teachers and learners 1-229
2026-10-04 20:58:56,161 INFO o.a.j.t.JMeterThread: Thread started: Teachers and learners 1-230
2026-10-04 20:58:56,192 INFO o.a.j.t.JMeterThread: Thread started: Teachers and learners 1-231
2026-10-04 20:58:56,222 INFO o.a.j.t.JMeterThread: Thread started: Teachers and learners 1-232
2026-10-04 20:58:56,251 INFO o.a.j.t.JMeterThread: Thread started: Teachers and learners 1-233
2026-10-04 20:58:56,265 INFO o.a.j.t.JMeterThread: Thread is done: Teachers and learners 1-25
2026-10-04 20:58:56,265 INFO o.a.j.t.JMeterThread: Thread finished: Teachers and learners 1-25
2026-10-04 20:58:56,281 INFO o.a.j.t.JMeterThread: Thread started: Teachers and learners 1-234
2026-10-04 20:58:56,311 INFO o.a.j.t.JMeterThread: Thread started: Teachers and learners 1-235
2026-10-04 20:58:56,341 INFO o.a.j.t.JMeterThread: Thread started: Teachers and learners 1-236
2026-10-04 20:58:56,372 INFO o.a.j.t.JMeterThread: Thread started: Teachers and learners 1-237
2026-10-04 20:58:56,403 INFO o.a.j.t.JMeterThread: Thread started: Teachers and learners 1-238
2026-10-04 20:58:56,432 INFO o.a.j.t.JMeterThread: Thread started: Teachers and learners 1-239
2026-10-04 20:58:56,461 INFO o.a.j.t.JMeterThread: Thread started: Teachers and learners 1-240
2026-10-04 20:58:56,491 INFO o.a.j.t.JMeterThread: Thread started: Teachers and learners 1-241
2026-10-04 20:58:56,521 INFO o.a.j.t.JMeterThread: Thread started: Teachers and learners 1-242
2026-10-04 20:58:56,551 INFO o.a.j.t.JMeterThread: Thread started: Teachers and learners 1-243
2026-10-04 20:58:56,581 INFO o.a.j.t.JMeterThread: Thread started: Teachers and learners 1-244
2026-10-04 20:58:56,612 INFO o.a.j.t.JMeterThread: Thread started: Teachers and learners 1-245
2026-10-04 20:58:56,643 INFO o.a.j.t.JMeterThread: Thread started: Teachers and learners 1-246
2026-10-04 20:58:56,672 INFO o.a.j.t.JMeterThread: Thread started: Teachers and learners 1-247
2026-10-04 20:58:56,701 INFO o.a.j.t.JMeterThread: Thread started: Teachers and learners 1-248
2026-10-04 20:58:56,731 INFO o.a.j.t.JMeterThread: Thread is done: Teachers and learners 1-21
2026-10-04 20:58:56,731 INFO o.a.j.t.JMeterThread: Thread finished: Teachers and learners 1-21
2026-10-04 20:58:56,731 INFO o.a.j.t.JMeterThread: Thread started: Teachers and learners 1-249
2026-10-04 20:58:56,761 INFO o.a.j.t.JMeterThread: Thread started: Teachers and learners 1-250
2026-10-04 20:58:56,774 INFO o.a.j.t.JMeterThread: Thread is done: Teachers and learners 1-13
2026-10-04 20:58:56,774 INFO o.a.j.t.JMeterThread: Thread finished: Teachers and learners 1-13
2026-10-04 20:58:56,786 INFO o.a.j.t.JMeterThread: Thread is done: Teachers and learners 1-6
2026-10-04 20:58:56,786 INFO o.a.j.t.JMeterThread: Thread finished: Teachers and learners 1-6
2026-10-04 20:58:56,792 INFO o.a.j.t.JMeterThread: Thread started: Teachers and learners 1-251
2026-10-04 20:58:56,822 INFO o.a.j.t.JMeterThread: Thread started: Teachers and learners 1-252
2026-10-04 20:58:56,852 INFO o.a.j.t.JMeterThread: Thread started: Teachers and learners 1-253
2026-10-04 20:58:56,857 INFO o.a.j.t.JMeterThread: Thread is done: Teachers and learners 1-4
2026-10-04 20:58:56,858 INFO o.a.j.t.JMeterThread: Thread finished: Teachers and learners 1-4
2026-10-04 20:58:56,882 INFO o.a.j.t.JMeterThread: Thread started: Teachers and learners 1-254
2026-10-04 20:58:56,911 INFO o.a.j.t.JMeterThread: Thread started: Teachers and learners 1-255
2026-10-04 20:58:56,941 INFO o.a.j.t.JMeterThread: Thread started: Teachers and learners 1-256
2026-10-04 20:58:56,971 INFO o.a.j.t.JMeterThread: Thread started: Teachers and learners 1-257
2026-10-04 20:58:57,003 INFO o.a.j.t.JMeterThread: Thread started: Teachers and learners 1-258
2026-10-04 20:58:57,033 INFO o.a.j.t.JMeterThread: Thread started: Teachers and learners 1-259
2026-10-04 20:58:57,038 INFO o.a.j.t.JMeterThread: Thread is done: Teachers and learners 1-11
2026-10-04 20:58:57,039 INFO o.a.j.t.JMeterThread: Thread finished: Teachers and learners 1-11
2026-10-04 20:58:57,061 INFO o.a.j.t.JMeterThread: Thread started: Teachers and learners 1-260
2026-10-04 20:58:57,091 INFO o.a.j.t.JMeterThread: Thread started: Teachers and learners 1-261
2026-10-04 20:58:57,121 INFO o.a.j.t.JMeterThread: Thread started: Teachers and learners 1-262
2026-10-04 20:58:57,151 INFO o.a.j.t.JMeterThread: Thread started: Teachers and learners 1-263
2026-10-04 20:58:57,182 INFO o.a.j.t.JMeterThread: Thread started: Teachers and learners 1-264
2026-10-04 20:58:57,195 INFO o.a.j.t.JMeterThread: Thread is done: Teachers and learners 1-18
2026-10-04 20:58:57,195 INFO o.a.j.t.JMeterThread: Thread finished: Teachers and learners 1-18
2026-10-04 20:58:57,204 INFO o.a.j.t.JMeterThread: Thread is done: Teachers and learners 1-12
2026-10-04 20:58:57,204 INFO o.a.j.t.JMeterThread: Thread finished: Teachers and learners 1-12
2026-10-04 20:58:57,212 INFO o.a.j.t.JMeterThread: Thread started: Teachers and learners 1-265
2026-10-04 20:58:57,241 INFO o.a.j.t.JMeterThread: Thread started: Teachers and learners 1-266
2026-10-04 20:58:57,271 INFO o.a.j.t.JMeterThread: Thread started: Teachers and learners 1-267
2026-10-04 20:58:57,272 INFO o.a.j.t.JMeterThread: Thread is done: Teachers and learners 1-29
2026-10-04 20:58:57,272 INFO o.a.j.t.JMeterThread: Thread finished: Teachers and learners 1-29
2026-10-04 20:58:57,301 INFO o.a.j.t.JMeterThread: Thread started: Teachers and learners 1-268
2026-10-04 20:58:57,331 INFO o.a.j.t.JMeterThread: Thread started: Teachers and learners 1-269
2026-10-04 20:58:57,350 INFO o.a.j.t.JMeterThread: Thread is done: Teachers and learners 1-48
2026-10-04 20:58:57,350 INFO o.a.j.t.JMeterThread: Thread finished: Teachers and learners 1-48
2026-10-04 20:58:57,361 INFO o.a.j.t.JMeterThread: Thread started: Teachers and learners 1-270
2026-10-04 20:58:57,392 INFO o.a.j.t.JMeterThread: Thread started: Teachers and learners 1-271
2026-10-04 20:58:57,412 INFO o.a.j.t.JMeterThread: Thread is done: Teachers and learners 1-35
2026-10-04 20:58:57,413 INFO o.a.j.t.JMeterThread: Thread finished: Teachers and learners 1-35
2026-10-04 20:58:57,422 INFO o.a.j.t.JMeterThread: Thread started: Teachers and learners 1-272
2026-10-04 20:58:57,452 INFO o.a.j.t.JMeterThread: Thread started: Teachers and learners 1-273
2026-10-04 20:58:57,482 INFO o.a.j.t.JMeterThread: Thread started: Teachers and learners 1-274
2026-10-04 20:58:57,486 INFO o.a.j.t.JMeterThread: Thread is done: Teachers and learners 1-2
2026-10-04 20:58:57,486 INFO o.a.j.t.JMeterThread: Thread finished: Teachers and learners 1-2
2026-10-04 20:58:57,511 INFO o.a.j.t.JMeterThread: Thread started: Teachers and learners 1-275
2026-10-04 20:58:57,541 INFO o.a.j.t.JMeterThread: Thread started: Teachers and learners 1-276
2026-10-04 20:58:57,572 INFO o.a.j.t.JMeterThread: Thread started: Teachers and learners 1-277
2026-10-04 20:58:57,601 INFO o.a.j.t.JMeterThread: Thread started: Teachers and learners 1-278
2026-10-04 20:58:57,626 INFO o.a.j.t.JMeterThread: Thread is done: Teachers and learners 1-30
2026-10-04 20:58:57,626 INFO o.a.j.t.JMeterThread: Thread finished: Teachers and learners 1-30
2026-10-04 20:58:57,631 INFO o.a.j.t.JMeterThread: Thread started: Teachers and learners 1-279
2026-10-04 20:58:57,654 INFO o.a.j.t.JMeterThread: Thread is done: Teachers and learners 1-3
2026-10-04 20:58:57,654 INFO o.a.j.t.JMeterThread: Thread finished: Teachers and learners 1-3
2026-10-04 20:58:57,661 INFO o.a.j.t.JMeterThread: Thread started: Teachers and learners 1-280
2026-10-04 20:58:57,693 INFO o.a.j.t.JMeterThread: Thread started: Teachers and learners 1-281
2026-10-04 20:58:57,723 INFO o.a.j.t.JMeterThread: Thread started: Teachers and learners 1-282
2026-10-04 20:58:57,753 INFO o.a.j.t.JMeterThread: Thread started: Teachers and learners 1-283
2026-10-04 20:58:57,776 INFO o.a.j.t.JMeterThread: Thread is done: Teachers and learners 1-8
2026-10-04 20:58:57,776 INFO o.a.j.t.JMeterThread: Thread finished: Teachers and learners 1-8
2026-10-04 20:58:57,782 INFO o.a.j.t.JMeterThread: Thread started: Teachers and learners 1-284
2026-10-04 20:58:57,811 INFO o.a.j.t.JMeterThread: Thread started: Teachers and learners 1-285
2026-10-04 20:58:57,841 INFO o.a.j.t.JMeterThread: Thread started: Teachers and learners 1-286
2026-10-04 20:58:57,872 INFO o.a.j.t.JMeterThread: Thread started: Teachers and learners 1-287
2026-10-04 20:58:57,902 INFO o.a.j.t.JMeterThread: Thread started: Teachers and learners 1-288
2026-10-04 20:58:57,931 INFO o.a.j.t.JMeterThread: Thread started: Teachers and learners 1-289
2026-10-04 20:58:57,961 INFO o.a.j.t.JMeterThread: Thread started: Teachers and learners 1-290
2026-10-04 20:58:57,962 INFO o.a.j.t.JMeterThread: Thread is done: Teachers and learners 1-7
2026-10-04 20:58:57,963 INFO o.a.j.t.JMeterThread: Thread finished: Teachers and learners 1-7
2026-10-04 20:58:57,991 INFO o.a.j.t.JMeterThread: Thread started: Teachers and learners 1-291
2026-10-04 20:58:58,021 INFO o.a.j.t.JMeterThread: Thread started: Teachers and learners 1-292
2026-10-04 20:58:58,047 INFO o.a.j.t.JMeterThread: Thread is done: Teachers and learners 1-9
2026-10-04 20:58:58,047 INFO o.a.j.t.JMeterThread: Thread finished: Teachers and learners 1-9
2026-10-04 20:58:58,052 INFO o.a.j.t.JMeterThread: Thread started: Teachers and learners 1-293
2026-10-04 20:58:58,081 INFO o.a.j.t.JMeterThread: Thread started: Teachers and learners 1-294
2026-10-04 20:58:58,089 INFO o.a.j.t.JMeterThread: Thread is done: Teachers and learners 1-16
2026-10-04 20:58:58,089 INFO o.a.j.t.JMeterThread: Thread finished: Teachers and learners 1-16
2026-10-04 20:58:58,111 INFO o.a.j.t.JMeterThread: Thread started: Teachers and learners 1-295
2026-10-04 20:58:58,120 INFO o.a.j.t.JMeterThread: Thread is done: Teachers and learners 1-47
2026-10-04 20:58:58,120 INFO o.a.j.t.JMeterThread: Thread finished: Teachers and learners 1-47
2026-10-04 20:58:58,142 INFO o.a.j.t.JMeterThread: Thread started: Teachers and learners 1-296
2026-10-04 20:58:58,172 INFO o.a.j.t.JMeterThread: Thread started: Teachers and learners 1-297
2026-10-04 20:58:58,185 INFO o.a.j.t.JMeterThread: Thread is done: Teachers and learners 1-20
2026-10-04 20:58:58,185 INFO o.a.j.t.JMeterThread: Thread finished: Teachers and learners 1-20
2026-10-04 20:58:58,190 INFO o.a.j.t.JMeterThread: Thread is done: Teachers and learners 1-1
2026-10-04 20:58:58,190 INFO o.a.j.t.JMeterThread: Thread finished: Teachers and learners 1-1
2026-10-04 20:58:58,203 INFO o.a.j.t.JMeterThread: Thread started: Teachers and learners 1-298
2026-10-04 20:58:58,232 INFO o.a.j.t.JMeterThread: Thread started: Teachers and learners 1-299
2026-10-04 20:58:58,261 INFO o.a.j.t.JMeterThread: Thread started: Teachers and learners 1-300
2026-10-04 20:58:58,292 INFO o.a.j.t.JMeterThread: Thread started: Teachers and learners 1-301
2026-10-04 20:58:58,321 INFO o.a.j.t.JMeterThread: Thread started: Teachers and learners 1-302
2026-10-04 20:58:58,349 INFO o.a.j.t.JMeterThread: Thread is done: Teachers and learners 1-46
2026-10-04 20:58:58,349 INFO o.a.j.t.JMeterThread: Thread finished: Teachers and learners 1-46
2026-10-04 20:58:58,352 INFO o.a.j.t.JMeterThread: Thread started: Teachers and learners 1-303
2026-10-04 20:58:58,375 INFO o.a.j.t.JMeterThread: Thread is done: Teachers and learners 1-42
2026-10-04 20:58:58,375 INFO o.a.j.t.JMeterThread: Thread finished: Teachers and learners 1-42
2026-10-04 20:58:58,382 INFO o.a.j.t.JMeterThread: Thread started: Teachers and learners 1-304
2026-10-04 20:58:58,412 INFO o.a.j.t.JMeterThread: Thread started: Teachers and learners 1-305
2026-10-04 20:58:58,441 INFO o.a.j.t.JMeterThread: Thread started: Teachers and learners 1-306
2026-10-04 20:58:58,464 INFO o.a.j.t.JMeterThread: Thread is done: Teachers and learners 1-24
2026-10-04 20:58:58,465 INFO o.a.j.t.JMeterThread: Thread finished: Teachers and learners 1-24
2026-10-04 20:58:58,472 INFO o.a.j.t.JMeterThread: Thread started: Teachers and learners 1-307
2026-10-04 20:58:58,487 INFO o.a.j.t.JMeterThread: Thread is done: Teachers and learners 1-67
2026-10-04 20:58:58,487 INFO o.a.j.t.JMeterThread: Thread finished: Teachers and learners 1-67
2026-10-04 20:58:58,501 INFO o.a.j.t.JMeterThread: Thread started: Teachers and learners 1-308
2026-10-04 20:58:58,532 INFO o.a.j.t.JMeterThread: Thread started: Teachers and learners 1-309
2026-10-04 20:58:58,563 INFO o.a.j.t.JMeterThread: Thread started: Teachers and learners 1-310
2026-10-04 20:58:58,590 INFO o.a.j.t.JMeterThread: Thread is done: Teachers and learners 1-82
2026-10-04 20:58:58,590 INFO o.a.j.t.JMeterThread: Thread finished: Teachers and learners 1-82
2026-10-04 20:58:58,593 INFO o.a.j.t.JMeterThread: Thread started: Teachers and learners 1-311
2026-10-04 20:58:58,623 INFO o.a.j.t.JMeterThread: Thread started: Teachers and learners 1-312
2026-10-04 20:58:58,652 INFO o.a.j.t.JMeterThread: Thread started: Teachers and learners 1-313
2026-10-04 20:58:58,681 INFO o.a.j.t.JMeterThread: Thread started: Teachers and learners 1-314
2026-10-04 20:58:58,693 INFO o.a.j.t.JMeterThread: Thread is done: Teachers and learners 1-34
2026-10-04 20:58:58,693 INFO o.a.j.t.JMeterThread: Thread finished: Teachers and learners 1-34
2026-10-04 20:58:58,701 INFO o.a.j.t.JMeterThread: Thread is done: Teachers and learners 1-15
2026-10-04 20:58:58,701 INFO o.a.j.t.JMeterThread: Thread finished: Teachers and learners 1-15
2026-10-04 20:58:58,712 INFO o.a.j.t.JMeterThread: Thread started: Teachers and learners 1-315
2026-10-04 20:58:58,725 INFO o.a.j.t.JMeterThread: Thread is done: Teachers and learners 1-33
2026-10-04 20:58:58,725 INFO o.a.j.t.JMeterThread: Thread finished: Teachers and learners 1-33
2026-10-04 20:58:58,742 INFO o.a.j.t.JMeterThread: Thread started: Teachers and learners 1-316
2026-10-04 20:58:58,748 INFO o.a.j.t.JMeterThread: Thread is done: Teachers and learners 1-41
2026-10-04 20:58:58,748 INFO o.a.j.t.JMeterThread: Thread finished: Teachers and learners 1-41
2026-10-04 20:58:58,771 INFO o.a.j.t.JMeterThread: Thread started: Teachers and learners 1-317
2026-10-04 20:58:58,777 INFO o.a.j.t.JMeterThread: Thread is done: Teachers and learners 1-28
2026-10-04 20:58:58,777 INFO o.a.j.t.JMeterThread: Thread finished: Teachers and learners 1-28
2026-10-04 20:58:58,802 INFO o.a.j.t.JMeterThread: Thread started: Teachers and learners 1-318
2026-10-04 20:58:58,832 INFO o.a.j.t.JMeterThread: Thread started: Teachers and learners 1-319
2026-10-04 20:58:58,862 INFO o.a.j.t.JMeterThread: Thread started: Teachers and learners 1-320
2026-10-04 20:58:58,892 INFO o.a.j.t.JMeterThread: Thread started: Teachers and learners 1-321
2026-10-04 20:58:58,922 INFO o.a.j.t.JMeterThread: Thread started: Teachers and learners 1-322
2026-10-04 20:58:58,923 INFO o.a.j.t.JMeterThread: Thread is done: Teachers and learners 1-66
2026-10-04 20:58:58,923 INFO o.a.j.t.JMeterThread: Thread finished: Teachers and learners 1-66
2026-10-04 20:58:58,953 INFO o.a.j.t.JMeterThread: Thread started: Teachers and learners 1-323
2026-10-04 20:58:58,956 INFO o.a.j.t.JMeterThread: Thread is done: Teachers and learners 1-56
2026-10-04 20:58:58,956 INFO o.a.j.t.JMeterThread: Thread finished: Teachers and learners 1-56
2026-10-04 20:58:58,982 INFO o.a.j.t.JMeterThread: Thread started: Teachers and learners 1-324
2026-10-04 20:58:59,012 INFO o.a.j.t.JMeterThread: Thread started: Teachers and learners 1-325
2026-10-04 20:58:59,042 INFO o.a.j.t.JMeterThread: Thread started: Teachers and learners 1-326
2026-10-04 20:58:59,072 INFO o.a.j.t.JMeterThread: Thread started: Teachers and learners 1-327
2026-10-04 20:58:59,101 INFO o.a.j.t.JMeterThread: Thread is done: Teachers and learners 1-44
2026-10-04 20:58:59,102 INFO o.a.j.t.JMeterThread: Thread finished: Teachers and learners 1-44
2026-10-04 20:58:59,102 INFO o.a.j.t.JMeterThread: Thread started: Teachers and learners 1-328
2026-10-04 20:58:59,132 INFO o.a.j.t.JMeterThread: Thread started: Teachers and learners 1-329
2026-10-04 20:58:59,162 INFO o.a.j.t.JMeterThread: Thread started: Teachers and learners 1-330
2026-10-04 20:58:59,192 INFO o.a.j.t.JMeterThread: Thread started: Teachers and learners 1-331
2026-10-04 20:58:59,222 INFO o.a.j.t.JMeterThread: Thread started: Teachers and learners 1-332
2026-10-04 20:58:59,252 INFO o.a.j.t.JMeterThread: Thread started: Teachers and learners 1-333
2026-10-04 20:58:59,282 INFO o.a.j.t.JMeterThread: Thread started: Teachers and learners 1-334
2026-10-04 20:58:59,290 INFO o.a.j.t.JMeterThread: Thread is done: Teachers and learners 1-10
2026-10-04 20:58:59,290 INFO o.a.j.t.JMeterThread: Thread finished: Teachers and learners 1-10
2026-10-04 20:58:59,312 INFO o.a.j.t.JMeterThread: Thread started: Teachers and learners 1-335
2026-10-04 20:58:59,343 INFO o.a.j.t.JMeterThread: Thread started: Teachers and learners 1-336
2026-10-04 20:58:59,363 INFO o.a.j.t.JMeterThread: Thread is done: Teachers and learners 1-50
2026-10-04 20:58:59,363 INFO o.a.j.t.JMeterThread: Thread finished: Teachers and learners 1-50
2026-10-04 20:58:59,372 INFO o.a.j.t.JMeterThread: Thread started: Teachers and learners 1-337
2026-10-04 20:58:59,401 INFO o.a.j.t.JMeterThread: Thread started: Teachers and learners 1-338
2026-10-04 20:58:59,432 INFO o.a.j.t.JMeterThread: Thread started: Teachers and learners 1-339
2026-10-04 20:58:59,441 INFO o.a.j.t.JMeterThread: Thread is done: Teachers and learners 1-31
2026-10-04 20:58:59,441 INFO o.a.j.t.JMeterThread: Thread finished: Teachers and learners 1-31
2026-10-04 20:58:59,461 INFO o.a.j.t.JMeterThread: Thread started: Teachers and learners 1-340
2026-10-04 20:58:59,463 INFO o.a.j.t.JMeterThread: Thread is done: Teachers and learners 1-22
2026-10-04 20:58:59,464 INFO o.a.j.t.JMeterThread: Thread finished: Teachers and learners 1-22
2026-10-04 20:58:59,492 INFO o.a.j.t.JMeterThread: Thread started: Teachers and learners 1-341
2026-10-04 20:58:59,522 INFO o.a.j.t.JMeterThread: Thread started: Teachers and learners 1-342
2026-10-04 20:58:59,552 INFO o.a.j.t.JMeterThread: Thread started: Teachers and learners 1-343
2026-10-04 20:58:59,581 INFO o.a.j.t.JMeterThread: Thread started: Teachers and learners 1-344
2026-10-04 20:58:59,592 INFO o.a.j.t.JMeterThread: Thread is done: Teachers and learners 1-37
2026-10-04 20:58:59,592 INFO o.a.j.t.JMeterThread: Thread finished: Teachers and learners 1-37
2026-10-04 20:58:59,612 INFO o.a.j.t.JMeterThread: Thread started: Teachers and learners 1-345
2026-10-04 20:58:59,638 INFO o.a.j.t.JMeterThread: Thread is done: Teachers and learners 1-65
2026-10-04 20:58:59,639 INFO o.a.j.t.JMeterThread: Thread finished: Teachers and learners 1-65
2026-10-04 20:58:59,642 INFO o.a.j.t.JMeterThread: Thread started: Teachers and learners 1-346
2026-10-04 20:58:59,658 INFO o.a.j.t.JMeterThread: Thread is done: Teachers and learners 1-59
2026-10-04 20:58:59,658 INFO o.a.j.t.JMeterThread: Thread finished: Teachers and learners 1-59
2026-10-04 20:58:59,671 INFO o.a.j.t.JMeterThread: Thread started: Teachers and learners 1-347
2026-10-04 20:58:59,703 INFO o.a.j.t.JMeterThread: Thread started: Teachers and learners 1-348
2026-10-04 20:58:59,732 INFO o.a.j.t.JMeterThread: Thread is done: Teachers and learners 1-58
2026-10-04 20:58:59,732 INFO o.a.j.t.JMeterThread: Thread finished: Teachers and learners 1-58
2026-10-04 20:58:59,733 INFO o.a.j.t.JMeterThread: Thread started: Teachers and learners 1-349
2026-10-04 20:58:59,762 INFO o.a.j.t.JMeterThread: Thread started: Teachers and learners 1-350
2026-10-04 20:58:59,762 INFO o.a.j.t.JMeterThread: Thread is done: Teachers and learners 1-27
2026-10-04 20:58:59,762 INFO o.a.j.t.JMeterThread: Thread finished: Teachers and learners 1-27
2026-10-04 20:58:59,785 INFO o.a.j.t.JMeterThread: Thread is done: Teachers and learners 1-53
2026-10-04 20:58:59,785 INFO o.a.j.t.JMeterThread: Thread finished: Teachers and learners 1-53
2026-10-04 20:58:59,792 INFO o.a.j.t.JMeterThread: Thread started: Teachers and learners 1-351
2026-10-04 20:58:59,808 INFO o.a.j.t.JMeterThread: Thread is done: Teachers and learners 1-19
2026-10-04 20:58:59,808 INFO o.a.j.t.JMeterThread: Thread finished: Teachers and learners 1-19
2026-10-04 20:58:59,821 INFO o.a.j.t.JMeterThread: Thread started: Teachers and learners 1-352
2026-10-04 20:58:59,822 INFO o.a.j.t.JMeterThread: Thread is done: Teachers and learners 1-81
2026-10-04 20:58:59,822 INFO o.a.j.t.JMeterThread: Thread finished: Teachers and learners 1-81
2026-10-04 20:58:59,852 INFO o.a.j.t.JMeterThread: Thread started: Teachers and learners 1-353
2026-10-04 20:58:59,868 INFO o.a.j.t.JMeterThread: Thread is done: Teachers and learners 1-85
2026-10-04 20:58:59,868 INFO o.a.j.t.JMeterThread: Thread finished: Teachers and learners 1-85
2026-10-04 20:58:59,875 INFO o.a.j.t.JMeterThread: Thread is done: Teachers and learners 1-36
2026-10-04 20:58:59,875 INFO o.a.j.t.JMeterThread: Thread finished: Teachers and learners 1-36
2026-10-04 20:58:59,880 INFO o.a.j.t.JMeterThread: Thread is done: Teachers and learners 1-79
2026-10-04 20:58:59,880 INFO o.a.j.t.JMeterThread: Thread finished: Teachers and learners 1-79
2026-10-04 20:58:59,882 INFO o.a.j.t.JMeterThread: Thread started: Teachers and learners 1-354
2026-10-04 20:58:59,912 INFO o.a.j.t.JMeterThread: Thread started: Teachers and learners 1-355
2026-10-04 20:58:59,934 INFO o.a.j.t.JMeterThread: Thread is done: Teachers and learners 1-60
2026-10-04 20:58:59,934 INFO o.a.j.t.JMeterThread: Thread finished: Teachers and learners 1-60
2026-10-04 20:58:59,941 INFO o.a.j.t.JMeterThread: Thread started: Teachers and learners 1-356
2026-10-04 20:58:59,972 INFO o.a.j.t.JMeterThread: Thread started: Teachers and learners 1-357
2026-10-04 20:59:00,002 INFO o.a.j.t.JMeterThread: Thread started: Teachers and learners 1-358
2026-10-04 20:59:00,019 INFO o.a.j.r.Summariser: summary +   2578 in 00:00:11 =  240.1/s Avg:   145 Min:     1 Max:  1725 Err:     0 (0.00%) Active: 306 Started: 358 Finished: 52
2026-10-04 20:59:00,025 INFO o.a.j.t.JMeterThread: Thread is done: Teachers and learners 1-38
2026-10-04 20:59:00,025 INFO o.a.j.t.JMeterThread: Thread finished: Teachers and learners 1-38
2026-10-04 20:59:00,032 INFO o.a.j.t.JMeterThread: Thread started: Teachers and learners 1-359
2026-10-04 20:59:00,062 INFO o.a.j.t.JMeterThread: Thread started: Teachers and learners 1-360
2026-10-04 20:59:00,092 INFO o.a.j.t.JMeterThread: Thread started: Teachers and learners 1-361
2026-10-04 20:59:00,122 INFO o.a.j.t.JMeterThread: Thread started: Teachers and learners 1-362
2026-10-04 20:59:00,152 INFO o.a.j.t.JMeterThread: Thread started: Teachers and learners 1-363
2026-10-04 20:59:00,185 INFO o.a.j.t.JMeterThread: Thread started: Teachers and learners 1-364
2026-10-04 20:59:00,214 INFO o.a.j.t.JMeterThread: Thread started: Teachers and learners 1-365
2026-10-04 20:59:00,235 INFO o.a.j.t.JMeterThread: Thread is done: Teachers and learners 1-70
2026-10-04 20:59:00,235 INFO o.a.j.t.JMeterThread: Thread finished: Teachers and learners 1-70
2026-10-04 20:59:00,244 INFO o.a.j.t.JMeterThread: Thread started: Teachers and learners 1-366
2026-10-04 20:59:00,253 INFO o.a.j.t.JMeterThread: Thread is done: Teachers and learners 1-71
2026-10-04 20:59:00,253 INFO o.a.j.t.JMeterThread: Thread finished: Teachers and learners 1-71
2026-10-04 20:59:00,272 INFO o.a.j.t.JMeterThread: Thread started: Teachers and learners 1-367
2026-10-04 20:59:00,302 INFO o.a.j.t.JMeterThread: Thread started: Teachers and learners 1-368
2026-10-04 20:59:00,332 INFO o.a.j.t.JMeterThread: Thread started: Teachers and learners 1-369
2026-10-04 20:59:00,353 INFO o.a.j.t.JMeterThread: Thread is done: Teachers and learners 1-52
2026-10-04 20:59:00,353 INFO o.a.j.t.JMeterThread: Thread finished: Teachers and learners 1-52
2026-10-04 20:59:00,356 INFO o.a.j.t.JMeterThread: Thread is done: Teachers and learners 1-49
2026-10-04 20:59:00,356 INFO o.a.j.t.JMeterThread: Thread finished: Teachers and learners 1-49
2026-10-04 20:59:00,362 INFO o.a.j.t.JMeterThread: Thread started: Teachers and learners 1-370
2026-10-04 20:59:00,382 INFO o.a.j.t.JMeterThread: Thread is done: Teachers and learners 1-61
2026-10-04 20:59:00,382 INFO o.a.j.t.JMeterThread: Thread finished: Teachers and learners 1-61
2026-10-04 20:59:00,392 INFO o.a.j.t.JMeterThread: Thread started: Teachers and learners 1-371
2026-10-04 20:59:00,422 INFO o.a.j.t.JMeterThread: Thread started: Teachers and learners 1-372
2026-10-04 20:59:00,445 INFO o.a.j.t.JMeterThread: Thread is done: Teachers and learners 1-32
2026-10-04 20:59:00,445 INFO o.a.j.t.JMeterThread: Thread finished: Teachers and learners 1-32
2026-10-04 20:59:00,448 INFO o.a.j.t.JMeterThread: Thread is done: Teachers and learners 1-62
2026-10-04 20:59:00,448 INFO o.a.j.t.JMeterThread: Thread finished: Teachers and learners 1-62
2026-10-04 20:59:00,452 INFO o.a.j.t.JMeterThread: Thread started: Teachers and learners 1-373
2026-10-04 20:59:00,482 INFO o.a.j.t.JMeterThread: Thread started: Teachers and learners 1-374
2026-10-04 20:59:00,512 INFO o.a.j.t.JMeterThread: Thread started: Teachers and learners 1-375
2026-10-04 20:59:00,528 INFO o.a.j.t.JMeterThread: Thread is done: Teachers and learners 1-73
2026-10-04 20:59:00,528 INFO o.a.j.t.JMeterThread: Thread finished: Teachers and learners 1-73
2026-10-04 20:59:00,543 INFO o.a.j.t.JMeterThread: Thread is done: Teachers and learners 1-26
2026-10-04 20:59:00,543 INFO o.a.j.t.JMeterThread: Thread finished: Teachers and learners 1-26
2026-10-04 20:59:00,543 INFO o.a.j.t.JMeterThread: Thread started: Teachers and learners 1-376
2026-10-04 20:59:00,550 INFO o.a.j.t.JMeterThread: Thread is done: Teachers and learners 1-40
2026-10-04 20:59:00,550 INFO o.a.j.t.JMeterThread: Thread finished: Teachers and learners 1-40
2026-10-04 20:59:00,572 INFO o.a.j.t.JMeterThread: Thread started: Teachers and learners 1-377
2026-10-04 20:59:00,590 INFO o.a.j.t.JMeterThread: Thread is done: Teachers and learners 1-54
2026-10-04 20:59:00,590 INFO o.a.j.t.JMeterThread: Thread finished: Teachers and learners 1-54
2026-10-04 20:59:00,601 INFO o.a.j.t.JMeterThread: Thread started: Teachers and learners 1-378
2026-10-04 20:59:00,632 INFO o.a.j.t.JMeterThread: Thread started: Teachers and learners 1-379
2026-10-04 20:59:00,661 INFO o.a.j.t.JMeterThread: Thread started: Teachers and learners 1-380
2026-10-04 20:59:00,691 INFO o.a.j.t.JMeterThread: Thread started: Teachers and learners 1-381
2026-10-04 20:59:00,721 INFO o.a.j.t.JMeterThread: Thread started: Teachers and learners 1-382
2026-10-04 20:59:00,753 INFO o.a.j.t.JMeterThread: Thread started: Teachers and learners 1-383
2026-10-04 20:59:00,783 INFO o.a.j.t.JMeterThread: Thread started: Teachers and learners 1-384
2026-10-04 20:59:00,788 INFO o.a.j.t.JMeterThread: Thread is done: Teachers and learners 1-51
2026-10-04 20:59:00,788 INFO o.a.j.t.JMeterThread: Thread finished: Teachers and learners 1-51
2026-10-04 20:59:00,811 INFO o.a.j.t.JMeterThread: Thread started: Teachers and learners 1-385
2026-10-04 20:59:00,826 INFO o.a.j.t.JMeterThread: Thread is done: Teachers and learners 1-43
2026-10-04 20:59:00,826 INFO o.a.j.t.JMeterThread: Thread finished: Teachers and learners 1-43
2026-10-04 20:59:00,841 INFO o.a.j.t.JMeterThread: Thread started: Teachers and learners 1-386
2026-10-04 20:59:00,871 INFO o.a.j.t.JMeterThread: Thread started: Teachers and learners 1-387
2026-10-04 20:59:00,901 INFO o.a.j.t.JMeterThread: Thread started: Teachers and learners 1-388
2026-10-04 20:59:00,910 INFO o.a.j.t.JMeterThread: Thread is done: Teachers and learners 1-57
2026-10-04 20:59:00,910 INFO o.a.j.t.JMeterThread: Thread finished: Teachers and learners 1-57
2026-10-04 20:59:00,932 INFO o.a.j.t.JMeterThread: Thread started: Teachers and learners 1-389
2026-10-04 20:59:00,962 INFO o.a.j.t.JMeterThread: Thread started: Teachers and learners 1-390
2026-10-04 20:59:00,988 INFO o.a.j.t.JMeterThread: Thread is done: Teachers and learners 1-14
2026-10-04 20:59:00,988 INFO o.a.j.t.JMeterThread: Thread finished: Teachers and learners 1-14
2026-10-04 20:59:00,992 INFO o.a.j.t.JMeterThread: Thread started: Teachers and learners 1-391
2026-10-04 20:59:01,022 INFO o.a.j.t.JMeterThread: Thread started: Teachers and learners 1-392
2026-10-04 20:59:01,051 INFO o.a.j.t.JMeterThread: Thread started: Teachers and learners 1-393
2026-10-04 20:59:01,064 INFO o.a.j.t.JMeterThread: Thread is done: Teachers and learners 1-69
2026-10-04 20:59:01,064 INFO o.a.j.t.JMeterThread: Thread finished: Teachers and learners 1-69
2026-10-04 20:59:01,083 INFO o.a.j.t.JMeterThread: Thread started: Teachers and learners 1-394
2026-10-04 20:59:01,090 INFO o.a.j.t.JMeterThread: Thread is done: Teachers and learners 1-64
2026-10-04 20:59:01,090 INFO o.a.j.t.JMeterThread: Thread finished: Teachers and learners 1-64
2026-10-04 20:59:01,112 INFO o.a.j.t.JMeterThread: Thread started: Teachers and learners 1-395
2026-10-04 20:59:01,143 INFO o.a.j.t.JMeterThread: Thread started: Teachers and learners 1-396
2026-10-04 20:59:01,172 INFO o.a.j.t.JMeterThread: Thread started: Teachers and learners 1-397
2026-10-04 20:59:01,201 INFO o.a.j.t.JMeterThread: Thread started: Teachers and learners 1-398
2026-10-04 20:59:01,231 INFO o.a.j.t.JMeterThread: Thread started: Teachers and learners 1-399
2026-10-04 20:59:01,246 INFO o.a.j.t.JMeterThread: Thread is done: Teachers and learners 1-74
2026-10-04 20:59:01,246 INFO o.a.j.t.JMeterThread: Thread finished: Teachers and learners 1-74
2026-10-04 20:59:01,261 INFO o.a.j.t.JMeterThread: Thread started: Teachers and learners 1-400
2026-10-04 20:59:01,292 INFO o.a.j.t.JMeterThread: Thread started: Teachers and learners 1-401
2026-10-04 20:59:01,322 INFO o.a.j.t.JMeterThread: Thread started: Teachers and learners 1-402
2026-10-04 20:59:01,356 INFO o.a.j.t.JMeterThread: Thread started: Teachers and learners 1-403
2026-10-04 20:59:01,385 INFO o.a.j.t.JMeterThread: Thread started: Teachers and learners 1-404
2026-10-04 20:59:01,392 INFO o.a.j.t.JMeterThread: Thread is done: Teachers and learners 1-83
2026-10-04 20:59:01,392 INFO o.a.j.t.JMeterThread: Thread finished: Teachers and learners 1-83
2026-10-04 20:59:01,407 INFO o.a.j.t.JMeterThread: Thread is done: Teachers and learners 1-45
2026-10-04 20:59:01,407 INFO o.a.j.t.JMeterThread: Thread finished: Teachers and learners 1-45
2026-10-04 20:59:01,415 INFO o.a.j.t.JMeterThread: Thread started: Teachers and learners 1-405
2026-10-04 20:59:01,435 INFO o.a.j.t.JMeterThread: Thread is done: Teachers and learners 1-55
2026-10-04 20:59:01,435 INFO o.a.j.t.JMeterThread: Thread finished: Teachers and learners 1-55
2026-10-04 20:59:01,441 INFO o.a.j.t.JMeterThread: Thread started: Teachers and learners 1-406
2026-10-04 20:59:01,471 INFO o.a.j.t.JMeterThread: Thread started: Teachers and learners 1-407
2026-10-04 20:59:01,501 INFO o.a.j.t.JMeterThread: Thread started: Teachers and learners 1-408
2026-10-04 20:59:01,522 INFO o.a.j.t.JMeterThread: Thread is done: Teachers and learners 1-109
2026-10-04 20:59:01,522 INFO o.a.j.t.JMeterThread: Thread finished: Teachers and learners 1-109
2026-10-04 20:59:01,531 INFO o.a.j.t.JMeterThread: Thread started: Teachers and learners 1-409
2026-10-04 20:59:01,562 INFO o.a.j.t.JMeterThread: Thread started: Teachers and learners 1-410
2026-10-04 20:59:01,589 INFO o.a.j.t.JMeterThread: Thread is done: Teachers and learners 1-84
2026-10-04 20:59:01,589 INFO o.a.j.t.JMeterThread: Thread finished: Teachers and learners 1-84
2026-10-04 20:59:01,592 INFO o.a.j.t.JMeterThread: Thread started: Teachers and learners 1-411
2026-10-04 20:59:01,599 INFO o.a.j.t.JMeterThread: Thread is done: Teachers and learners 1-72
2026-10-04 20:59:01,599 INFO o.a.j.t.JMeterThread: Thread finished: Teachers and learners 1-72
2026-10-04 20:59:01,621 INFO o.a.j.t.JMeterThread: Thread started: Teachers and learners 1-412
2026-10-04 20:59:01,651 INFO o.a.j.t.JMeterThread: Thread started: Teachers and learners 1-413
2026-10-04 20:59:01,681 INFO o.a.j.t.JMeterThread: Thread started: Teachers and learners 1-414
2026-10-04 20:59:01,686 INFO o.a.j.t.JMeterThread: Thread is done: Teachers and learners 1-23
2026-10-04 20:59:01,686 INFO o.a.j.t.JMeterThread: Thread finished: Teachers and learners 1-23
2026-10-04 20:59:01,712 INFO o.a.j.t.JMeterThread: Thread started: Teachers and learners 1-415
2026-10-04 20:59:01,722 INFO o.a.j.t.JMeterThread: Thread is done: Teachers and learners 1-77
2026-10-04 20:59:01,722 INFO o.a.j.t.JMeterThread: Thread finished: Teachers and learners 1-77
2026-10-04 20:59:01,741 INFO o.a.j.t.JMeterThread: Thread started: Teachers and learners 1-416
2026-10-04 20:59:01,768 INFO o.a.j.t.JMeterThread: Thread is done: Teachers and learners 1-68
2026-10-04 20:59:01,768 INFO o.a.j.t.JMeterThread: Thread finished: Teachers and learners 1-68
2026-10-04 20:59:01,771 INFO o.a.j.t.JMeterThread: Thread started: Teachers and learners 1-417
2026-10-04 20:59:01,782 INFO o.a.j.t.JMeterThread: Thread is done: Teachers and learners 1-76
2026-10-04 20:59:01,782 INFO o.a.j.t.JMeterThread: Thread finished: Teachers and learners 1-76
2026-10-04 20:59:01,801 INFO o.a.j.t.JMeterThread: Thread started: Teachers and learners 1-418
2026-10-04 20:59:01,831 INFO o.a.j.t.JMeterThread: Thread started: Teachers and learners 1-419
2026-10-04 20:59:01,861 INFO o.a.j.t.JMeterThread: Thread started: Teachers and learners 1-420
2026-10-04 20:59:01,874 INFO o.a.j.t.JMeterThread: Thread is done: Teachers and learners 1-75
2026-10-04 20:59:01,874 INFO o.a.j.t.JMeterThread: Thread finished: Teachers and learners 1-75
2026-10-04 20:59:01,891 INFO o.a.j.t.JMeterThread: Thread started: Teachers and learners 1-421
2026-10-04 20:59:01,922 INFO o.a.j.t.JMeterThread: Thread started: Teachers and learners 1-422
2026-10-04 20:59:01,927 INFO o.a.j.t.JMeterThread: Thread is done: Teachers and learners 1-88
2026-10-04 20:59:01,927 INFO o.a.j.t.JMeterThread: Thread finished: Teachers and learners 1-88
2026-10-04 20:59:01,952 INFO o.a.j.t.JMeterThread: Thread started: Teachers and learners 1-423
2026-10-04 20:59:01,970 INFO o.a.j.t.JMeterThread: Thread is done: Teachers and learners 1-39
2026-10-04 20:59:01,970 INFO o.a.j.t.JMeterThread: Thread finished: Teachers and learners 1-39
2026-10-04 20:59:01,982 INFO o.a.j.t.JMeterThread: Thread started: Teachers and learners 1-424
2026-10-04 20:59:02,012 INFO o.a.j.t.JMeterThread: Thread started: Teachers and learners 1-425
2026-10-04 20:59:02,041 INFO o.a.j.t.JMeterThread: Thread started: Teachers and learners 1-426
2026-10-04 20:59:02,045 INFO o.a.j.t.JMeterThread: Thread is done: Teachers and learners 1-78
2026-10-04 20:59:02,045 INFO o.a.j.t.JMeterThread: Thread finished: Teachers and learners 1-78
2026-10-04 20:59:02,067 INFO o.a.j.t.JMeterThread: Thread is done: Teachers and learners 1-100
2026-10-04 20:59:02,067 INFO o.a.j.t.JMeterThread: Thread finished: Teachers and learners 1-100
2026-10-04 20:59:02,071 INFO o.a.j.t.JMeterThread: Thread started: Teachers and learners 1-427
2026-10-04 20:59:02,101 INFO o.a.j.t.JMeterThread: Thread started: Teachers and learners 1-428
2026-10-04 20:59:02,132 INFO o.a.j.t.JMeterThread: Thread started: Teachers and learners 1-429
2026-10-04 20:59:02,132 INFO o.a.j.t.JMeterThread: Thread is done: Teachers and learners 1-93
2026-10-04 20:59:02,132 INFO o.a.j.t.JMeterThread: Thread finished: Teachers and learners 1-93
2026-10-04 20:59:02,161 INFO o.a.j.t.JMeterThread: Thread started: Teachers and learners 1-430
2026-10-04 20:59:02,192 INFO o.a.j.t.JMeterThread: Thread started: Teachers and learners 1-431
2026-10-04 20:59:02,222 INFO o.a.j.t.JMeterThread: Thread started: Teachers and learners 1-432
2026-10-04 20:59:02,243 INFO o.a.j.t.JMeterThread: Thread is done: Teachers and learners 1-89
2026-10-04 20:59:02,243 INFO o.a.j.t.JMeterThread: Thread finished: Teachers and learners 1-89
2026-10-04 20:59:02,252 INFO o.a.j.t.JMeterThread: Thread started: Teachers and learners 1-433
2026-10-04 20:59:02,282 INFO o.a.j.t.JMeterThread: Thread started: Teachers and learners 1-434
2026-10-04 20:59:02,312 INFO o.a.j.t.JMeterThread: Thread started: Teachers and learners 1-435
2026-10-04 20:59:02,342 INFO o.a.j.t.JMeterThread: Thread started: Teachers and learners 1-436
2026-10-04 20:59:02,371 INFO o.a.j.t.JMeterThread: Thread started: Teachers and learners 1-437
2026-10-04 20:59:02,388 INFO o.a.j.t.JMeterThread: Thread is done: Teachers and learners 1-63
2026-10-04 20:59:02,388 INFO o.a.j.t.JMeterThread: Thread finished: Teachers and learners 1-63
2026-10-04 20:59:02,401 INFO o.a.j.t.JMeterThread: Thread started: Teachers and learners 1-438
2026-10-04 20:59:02,418 INFO o.a.j.t.JMeterThread: Thread is done: Teachers and learners 1-87
2026-10-04 20:59:02,418 INFO o.a.j.t.JMeterThread: Thread finished: Teachers and learners 1-87
2026-10-04 20:59:02,428 INFO o.a.j.t.JMeterThread: Thread is done: Teachers and learners 1-80
2026-10-04 20:59:02,428 INFO o.a.j.t.JMeterThread: Thread finished: Teachers and learners 1-80
2026-10-04 20:59:02,432 INFO o.a.j.t.JMeterThread: Thread started: Teachers and learners 1-439
2026-10-04 20:59:02,462 INFO o.a.j.t.JMeterThread: Thread started: Teachers and learners 1-440
2026-10-04 20:59:02,463 INFO o.a.j.t.JMeterThread: Thread is done: Teachers and learners 1-104
2026-10-04 20:59:02,463 INFO o.a.j.t.JMeterThread: Thread finished: Teachers and learners 1-104
2026-10-04 20:59:02,474 INFO o.a.j.t.JMeterThread: Thread is done: Teachers and learners 1-108
2026-10-04 20:59:02,474 INFO o.a.j.t.JMeterThread: Thread finished: Teachers and learners 1-108
2026-10-04 20:59:02,491 INFO o.a.j.t.JMeterThread: Thread started: Teachers and learners 1-441
2026-10-04 20:59:02,521 INFO o.a.j.t.JMeterThread: Thread started: Teachers and learners 1-442
2026-10-04 20:59:02,551 INFO o.a.j.t.JMeterThread: Thread started: Teachers and learners 1-443
2026-10-04 20:59:02,582 INFO o.a.j.t.JMeterThread: Thread started: Teachers and learners 1-444
2026-10-04 20:59:02,583 INFO o.a.j.t.JMeterThread: Thread is done: Teachers and learners 1-106
2026-10-04 20:59:02,583 INFO o.a.j.t.JMeterThread: Thread finished: Teachers and learners 1-106
2026-10-04 20:59:02,593 INFO o.a.j.t.JMeterThread: Thread is done: Teachers and learners 1-122
2026-10-04 20:59:02,593 INFO o.a.j.t.JMeterThread: Thread finished: Teachers and learners 1-122
2026-10-04 20:59:02,612 INFO o.a.j.t.JMeterThread: Thread started: Teachers and learners 1-445
2026-10-04 20:59:02,615 INFO o.a.j.t.JMeterThread: Thread is done: Teachers and learners 1-123
2026-10-04 20:59:02,615 INFO o.a.j.t.JMeterThread: Thread finished: Teachers and learners 1-123
2026-10-04 20:59:02,642 INFO o.a.j.t.JMeterThread: Thread started: Teachers and learners 1-446
2026-10-04 20:59:02,671 INFO o.a.j.t.JMeterThread: Thread started: Teachers and learners 1-447
2026-10-04 20:59:02,680 INFO o.a.j.t.JMeterThread: Thread is done: Teachers and learners 1-86
2026-10-04 20:59:02,680 INFO o.a.j.t.JMeterThread: Thread finished: Teachers and learners 1-86
2026-10-04 20:59:02,701 INFO o.a.j.t.JMeterThread: Thread started: Teachers and learners 1-448
2026-10-04 20:59:02,731 INFO o.a.j.t.JMeterThread: Thread started: Teachers and learners 1-449
2026-10-04 20:59:02,761 INFO o.a.j.t.JMeterThread: Thread started: Teachers and learners 1-450
2026-10-04 20:59:02,791 INFO o.a.j.t.JMeterThread: Thread started: Teachers and learners 1-451
2026-10-04 20:59:02,821 INFO o.a.j.t.JMeterThread: Thread started: Teachers and learners 1-452
2026-10-04 20:59:02,851 INFO o.a.j.t.JMeterThread: Thread started: Teachers and learners 1-453
2026-10-04 20:59:02,876 INFO o.a.j.t.JMeterThread: Thread is done: Teachers and learners 1-92
2026-10-04 20:59:02,876 INFO o.a.j.t.JMeterThread: Thread finished: Teachers and learners 1-92
2026-10-04 20:59:02,881 INFO o.a.j.t.JMeterThread: Thread started: Teachers and learners 1-454
2026-10-04 20:59:02,905 INFO o.a.j.t.JMeterThread: Thread is done: Teachers and learners 1-112
2026-10-04 20:59:02,905 INFO o.a.j.t.JMeterThread: Thread finished: Teachers and learners 1-112
2026-10-04 20:59:02,911 INFO o.a.j.t.JMeterThread: Thread started: Teachers and learners 1-455
2026-10-04 20:59:02,941 INFO o.a.j.t.JMeterThread: Thread started: Teachers and learners 1-456
2026-10-04 20:59:02,971 INFO o.a.j.t.JMeterThread: Thread started: Teachers and learners 1-457
2026-10-04 20:59:03,001 INFO o.a.j.t.JMeterThread: Thread started: Teachers and learners 1-458
2026-10-04 20:59:03,032 INFO o.a.j.t.JMeterThread: Thread started: Teachers and learners 1-459
2026-10-04 20:59:03,048 INFO o.a.j.t.JMeterThread: Thread is done: Teachers and learners 1-127
2026-10-04 20:59:03,048 INFO o.a.j.t.JMeterThread: Thread finished: Teachers and learners 1-127
2026-10-04 20:59:03,063 INFO o.a.j.t.JMeterThread: Thread started: Teachers and learners 1-460
2026-10-04 20:59:03,092 INFO o.a.j.t.JMeterThread: Thread started: Teachers and learners 1-461
2026-10-04 20:59:03,113 INFO o.a.j.t.JMeterThread: Thread is done: Teachers and learners 1-97
2026-10-04 20:59:03,113 INFO o.a.j.t.JMeterThread: Thread finished: Teachers and learners 1-97
2026-10-04 20:59:03,122 INFO o.a.j.t.JMeterThread: Thread started: Teachers and learners 1-462
2026-10-04 20:59:03,152 INFO o.a.j.t.JMeterThread: Thread started: Teachers and learners 1-463
2026-10-04 20:59:03,182 INFO o.a.j.t.JMeterThread: Thread started: Teachers and learners 1-464
2026-10-04 20:59:03,211 INFO o.a.j.t.JMeterThread: Thread started: Teachers and learners 1-465
2026-10-04 20:59:03,242 INFO o.a.j.t.JMeterThread: Thread started: Teachers and learners 1-466
2026-10-04 20:59:03,272 INFO o.a.j.t.JMeterThread: Thread started: Teachers and learners 1-467
2026-10-04 20:59:03,302 INFO o.a.j.t.JMeterThread: Thread started: Teachers and learners 1-468
2026-10-04 20:59:03,332 INFO o.a.j.t.JMeterThread: Thread started: Teachers and learners 1-469
2026-10-04 20:59:03,362 INFO o.a.j.t.JMeterThread: Thread started: Teachers and learners 1-470
2026-10-04 20:59:03,392 INFO o.a.j.t.JMeterThread: Thread started: Teachers and learners 1-471
2026-10-04 20:59:03,421 INFO o.a.j.t.JMeterThread: Thread started: Teachers and learners 1-472
2026-10-04 20:59:03,451 INFO o.a.j.t.JMeterThread: Thread started: Teachers and learners 1-473
2026-10-04 20:59:03,468 INFO o.a.j.t.JMeterThread: Thread is done: Teachers and learners 1-102
2026-10-04 20:59:03,468 INFO o.a.j.t.JMeterThread: Thread finished: Teachers and learners 1-102
2026-10-04 20:59:03,472 INFO o.a.j.t.JMeterThread: Thread is done: Teachers and learners 1-107
2026-10-04 20:59:03,472 INFO o.a.j.t.JMeterThread: Thread finished: Teachers and learners 1-107
2026-10-04 20:59:03,481 INFO o.a.j.t.JMeterThread: Thread started: Teachers and learners 1-474
2026-10-04 20:59:03,511 INFO o.a.j.t.JMeterThread: Thread started: Teachers and learners 1-475
2026-10-04 20:59:03,541 INFO o.a.j.t.JMeterThread: Thread started: Teachers and learners 1-476
2026-10-04 20:59:03,573 INFO o.a.j.t.JMeterThread: Thread started: Teachers and learners 1-477
2026-10-04 20:59:03,603 INFO o.a.j.t.JMeterThread: Thread started: Teachers and learners 1-478
2026-10-04 20:59:03,633 INFO o.a.j.t.JMeterThread: Thread started: Teachers and learners 1-479
2026-10-04 20:59:03,661 INFO o.a.j.t.JMeterThread: Thread started: Teachers and learners 1-480
2026-10-04 20:59:03,691 INFO o.a.j.t.JMeterThread: Thread started: Teachers and learners 1-481
2026-10-04 20:59:03,721 INFO o.a.j.t.JMeterThread: Thread started: Teachers and learners 1-482
2026-10-04 20:59:03,739 INFO o.a.j.t.JMeterThread: Thread is done: Teachers and learners 1-94
2026-10-04 20:59:03,739 INFO o.a.j.t.JMeterThread: Thread finished: Teachers and learners 1-94
2026-10-04 20:59:03,752 INFO o.a.j.t.JMeterThread: Thread started: Teachers and learners 1-483
2026-10-04 20:59:03,782 INFO o.a.j.t.JMeterThread: Thread started: Teachers and learners 1-484
2026-10-04 20:59:03,810 INFO o.a.j.t.JMeterThread: Thread is done: Teachers and learners 1-103
2026-10-04 20:59:03,810 INFO o.a.j.t.JMeterThread: Thread finished: Teachers and learners 1-103
2026-10-04 20:59:03,811 INFO o.a.j.t.JMeterThread: Thread started: Teachers and learners 1-485
2026-10-04 20:59:03,842 INFO o.a.j.t.JMeterThread: Thread started: Teachers and learners 1-486
2026-10-04 20:59:03,849 INFO o.a.j.t.JMeterThread: Thread is done: Teachers and learners 1-130
2026-10-04 20:59:03,849 INFO o.a.j.t.JMeterThread: Thread finished: Teachers and learners 1-130
2026-10-04 20:59:03,872 INFO o.a.j.t.JMeterThread: Thread started: Teachers and learners 1-487
2026-10-04 20:59:03,885 INFO o.a.j.t.JMeterThread: Thread is done: Teachers and learners 1-110
2026-10-04 20:59:03,885 INFO o.a.j.t.JMeterThread: Thread finished: Teachers and learners 1-110
2026-10-04 20:59:03,901 INFO o.a.j.t.JMeterThread: Thread started: Teachers and learners 1-488
2026-10-04 20:59:03,931 INFO o.a.j.t.JMeterThread: Thread started: Teachers and learners 1-489
2026-10-04 20:59:03,962 INFO o.a.j.t.JMeterThread: Thread started: Teachers and learners 1-490
2026-10-04 20:59:03,991 INFO o.a.j.t.JMeterThread: Thread started: Teachers and learners 1-491
2026-10-04 20:59:04,013 INFO o.a.j.t.JMeterThread: Thread is done: Teachers and learners 1-90
2026-10-04 20:59:04,013 INFO o.a.j.t.JMeterThread: Thread finished: Teachers and learners 1-90
2026-10-04 20:59:04,022 INFO o.a.j.t.JMeterThread: Thread started: Teachers and learners 1-492
2026-10-04 20:59:04,051 INFO o.a.j.t.JMeterThread: Thread started: Teachers and learners 1-493
2026-10-04 20:59:04,054 INFO o.a.j.t.JMeterThread: Thread is done: Teachers and learners 1-120
2026-10-04 20:59:04,054 INFO o.a.j.t.JMeterThread: Thread finished: Teachers and learners 1-120
2026-10-04 20:59:04,081 INFO o.a.j.t.JMeterThread: Thread started: Teachers and learners 1-494
2026-10-04 20:59:04,111 INFO o.a.j.t.JMeterThread: Thread started: Teachers and learners 1-495
2026-10-04 20:59:04,141 INFO o.a.j.t.JMeterThread: Thread started: Teachers and learners 1-496
2026-10-04 20:59:04,172 INFO o.a.j.t.JMeterThread: Thread started: Teachers and learners 1-497
2026-10-04 20:59:04,178 INFO o.a.j.t.JMeterThread: Thread is done: Teachers and learners 1-98
2026-10-04 20:59:04,178 INFO o.a.j.t.JMeterThread: Thread finished: Teachers and learners 1-98
2026-10-04 20:59:04,202 INFO o.a.j.t.JMeterThread: Thread started: Teachers and learners 1-498
2026-10-04 20:59:04,232 INFO o.a.j.t.JMeterThread: Thread started: Teachers and learners 1-499
2026-10-04 20:59:04,249 INFO o.a.j.t.JMeterThread: Thread is done: Teachers and learners 1-128
2026-10-04 20:59:04,249 INFO o.a.j.t.JMeterThread: Thread finished: Teachers and learners 1-128
2026-10-04 20:59:04,257 INFO o.a.j.t.JMeterThread: Thread is done: Teachers and learners 1-121
2026-10-04 20:59:04,257 INFO o.a.j.t.JMeterThread: Thread finished: Teachers and learners 1-121
2026-10-04 20:59:04,261 INFO o.a.j.t.JMeterThread: Thread started: Teachers and learners 1-500
2026-10-04 20:59:04,287 INFO o.a.j.t.JMeterThread: Thread is done: Teachers and learners 1-154
2026-10-04 20:59:04,287 INFO o.a.j.t.JMeterThread: Thread finished: Teachers and learners 1-154
2026-10-04 20:59:04,291 INFO o.a.j.t.JMeterThread: Thread started: Teachers and learners 1-501
2026-10-04 20:59:04,322 INFO o.a.j.t.JMeterThread: Thread started: Teachers and learners 1-502
2026-10-04 20:59:04,352 INFO o.a.j.t.JMeterThread: Thread started: Teachers and learners 1-503
2026-10-04 20:59:04,356 INFO o.a.j.t.JMeterThread: Thread is done: Teachers and learners 1-152
2026-10-04 20:59:04,356 INFO o.a.j.t.JMeterThread: Thread finished: Teachers and learners 1-152
2026-10-04 20:59:04,382 INFO o.a.j.t.JMeterThread: Thread started: Teachers and learners 1-504
2026-10-04 20:59:04,405 INFO o.a.j.t.JMeterThread: Thread is done: Teachers and learners 1-143
2026-10-04 20:59:04,405 INFO o.a.j.t.JMeterThread: Thread finished: Teachers and learners 1-143
2026-10-04 20:59:04,409 INFO o.a.j.t.JMeterThread: Thread is done: Teachers and learners 1-126
2026-10-04 20:59:04,409 INFO o.a.j.t.JMeterThread: Thread finished: Teachers and learners 1-126
2026-10-04 20:59:04,412 INFO o.a.j.t.JMeterThread: Thread started: Teachers and learners 1-505
2026-10-04 20:59:04,442 INFO o.a.j.t.JMeterThread: Thread started: Teachers and learners 1-506
2026-10-04 20:59:04,471 INFO o.a.j.t.JMeterThread: Thread started: Teachers and learners 1-507
2026-10-04 20:59:04,498 INFO o.a.j.t.JMeterThread: Thread is done: Teachers and learners 1-111
2026-10-04 20:59:04,498 INFO o.a.j.t.JMeterThread: Thread finished: Teachers and learners 1-111
2026-10-04 20:59:04,502 INFO o.a.j.t.JMeterThread: Thread started: Teachers and learners 1-508
2026-10-04 20:59:04,503 INFO o.a.j.t.JMeterThread: Thread is done: Teachers and learners 1-115
2026-10-04 20:59:04,503 INFO o.a.j.t.JMeterThread: Thread finished: Teachers and learners 1-115
2026-10-04 20:59:04,532 INFO o.a.j.t.JMeterThread: Thread started: Teachers and learners 1-509
2026-10-04 20:59:04,561 INFO o.a.j.t.JMeterThread: Thread started: Teachers and learners 1-510
2026-10-04 20:59:04,592 INFO o.a.j.t.JMeterThread: Thread started: Teachers and learners 1-511
2026-10-04 20:59:04,623 INFO o.a.j.t.JMeterThread: Thread started: Teachers and learners 1-512
2026-10-04 20:59:04,640 INFO o.a.j.t.JMeterThread: Thread is done: Teachers and learners 1-105
2026-10-04 20:59:04,640 INFO o.a.j.t.JMeterThread: Thread finished: Teachers and learners 1-105
2026-10-04 20:59:04,652 INFO o.a.j.t.JMeterThread: Thread started: Teachers and learners 1-513
2026-10-04 20:59:04,682 INFO o.a.j.t.JMeterThread: Thread started: Teachers and learners 1-514
2026-10-04 20:59:04,712 INFO o.a.j.t.JMeterThread: Thread started: Teachers and learners 1-515
2026-10-04 20:59:04,723 INFO o.a.j.t.JMeterThread: Thread is done: Teachers and learners 1-116
2026-10-04 20:59:04,723 INFO o.a.j.t.JMeterThread: Thread finished: Teachers and learners 1-116
2026-10-04 20:59:04,742 INFO o.a.j.t.JMeterThread: Thread started: Teachers and learners 1-516
2026-10-04 20:59:04,772 INFO o.a.j.t.JMeterThread: Thread started: Teachers and learners 1-517
2026-10-04 20:59:04,776 INFO o.a.j.t.JMeterThread: Thread is done: Teachers and learners 1-99
2026-10-04 20:59:04,776 INFO o.a.j.t.JMeterThread: Thread finished: Teachers and learners 1-99
2026-10-04 20:59:04,802 INFO o.a.j.t.JMeterThread: Thread started: Teachers and learners 1-518
2026-10-04 20:59:04,831 INFO o.a.j.t.JMeterThread: Thread started: Teachers and learners 1-519
2026-10-04 20:59:04,862 INFO o.a.j.t.JMeterThread: Thread started: Teachers and learners 1-520
2026-10-04 20:59:04,892 INFO o.a.j.t.JMeterThread: Thread started: Teachers and learners 1-521
2026-10-04 20:59:04,922 INFO o.a.j.t.JMeterThread: Thread started: Teachers and learners 1-522
2026-10-04 20:59:04,933 INFO o.a.j.t.JMeterThread: Thread is done: Teachers and learners 1-138
2026-10-04 20:59:04,933 INFO o.a.j.t.JMeterThread: Thread finished: Teachers and learners 1-138
2026-10-04 20:59:04,942 INFO o.a.j.t.JMeterThread: Thread is done: Teachers and learners 1-95
2026-10-04 20:59:04,942 INFO o.a.j.t.JMeterThread: Thread finished: Teachers and learners 1-95
2026-10-04 20:59:04,952 INFO o.a.j.t.JMeterThread: Thread started: Teachers and learners 1-523
2026-10-04 20:59:04,983 INFO o.a.j.t.JMeterThread: Thread started: Teachers and learners 1-524
2026-10-04 20:59:05,007 INFO o.a.j.t.JMeterThread: Thread is done: Teachers and learners 1-156
2026-10-04 20:59:05,008 INFO o.a.j.t.JMeterThread: Thread finished: Teachers and learners 1-156
2026-10-04 20:59:05,013 INFO o.a.j.t.JMeterThread: Thread started: Teachers and learners 1-525
2026-10-04 20:59:05,042 INFO o.a.j.t.JMeterThread: Thread started: Teachers and learners 1-526
2026-10-04 20:59:05,072 INFO o.a.j.t.JMeterThread: Thread started: Teachers and learners 1-527
2026-10-04 20:59:05,102 INFO o.a.j.t.JMeterThread: Thread started: Teachers and learners 1-528
2026-10-04 20:59:05,109 INFO o.a.j.t.JMeterThread: Thread is done: Teachers and learners 1-144
2026-10-04 20:59:05,109 INFO o.a.j.t.JMeterThread: Thread finished: Teachers and learners 1-144
2026-10-04 20:59:05,132 INFO o.a.j.t.JMeterThread: Thread started: Teachers and learners 1-529
2026-10-04 20:59:05,133 INFO o.a.j.t.JMeterThread: Thread is done: Teachers and learners 1-142
2026-10-04 20:59:05,133 INFO o.a.j.t.JMeterThread: Thread finished: Teachers and learners 1-142
2026-10-04 20:59:05,162 INFO o.a.j.t.JMeterThread: Thread started: Teachers and learners 1-530
2026-10-04 20:59:05,192 INFO o.a.j.t.JMeterThread: Thread started: Teachers and learners 1-531
2026-10-04 20:59:05,222 INFO o.a.j.t.JMeterThread: Thread started: Teachers and learners 1-532
2026-10-04 20:59:05,234 INFO o.a.j.t.JMeterThread: Thread is done: Teachers and learners 1-137
2026-10-04 20:59:05,234 INFO o.a.j.t.JMeterThread: Thread finished: Teachers and learners 1-137
2026-10-04 20:59:05,252 INFO o.a.j.t.JMeterThread: Thread started: Teachers and learners 1-533
2026-10-04 20:59:05,255 INFO o.a.j.t.JMeterThread: Thread is done: Teachers and learners 1-113
2026-10-04 20:59:05,255 INFO o.a.j.t.JMeterThread: Thread finished: Teachers and learners 1-113
2026-10-04 20:59:05,282 INFO o.a.j.t.JMeterThread: Thread started: Teachers and learners 1-534
2026-10-04 20:59:05,286 INFO o.a.j.t.JMeterThread: Thread is done: Teachers and learners 1-96
2026-10-04 20:59:05,286 INFO o.a.j.t.JMeterThread: Thread finished: Teachers and learners 1-96
2026-10-04 20:59:05,291 INFO o.a.j.t.JMeterThread: Thread is done: Teachers and learners 1-119
2026-10-04 20:59:05,291 INFO o.a.j.t.JMeterThread: Thread finished: Teachers and learners 1-119
2026-10-04 20:59:05,312 INFO o.a.j.t.JMeterThread: Thread started: Teachers and learners 1-535
2026-10-04 20:59:05,322 INFO o.a.j.t.JMeterThread: Thread is done: Teachers and learners 1-91
2026-10-04 20:59:05,323 INFO o.a.j.t.JMeterThread: Thread finished: Teachers and learners 1-91
2026-10-04 20:59:05,343 INFO o.a.j.t.JMeterThread: Thread started: Teachers and learners 1-536
2026-10-04 20:59:05,350 INFO o.a.j.t.JMeterThread: Thread is done: Teachers and learners 1-135
2026-10-04 20:59:05,350 INFO o.a.j.t.JMeterThread: Thread finished: Teachers and learners 1-135
2026-10-04 20:59:05,368 INFO o.a.j.t.JMeterThread: Thread is done: Teachers and learners 1-136
2026-10-04 20:59:05,368 INFO o.a.j.t.JMeterThread: Thread finished: Teachers and learners 1-136
2026-10-04 20:59:05,372 INFO o.a.j.t.JMeterThread: Thread started: Teachers and learners 1-537
2026-10-04 20:59:05,402 INFO o.a.j.t.JMeterThread: Thread started: Teachers and learners 1-538
2026-10-04 20:59:05,402 INFO o.a.j.t.JMeterThread: Thread is done: Teachers and learners 1-163
2026-10-04 20:59:05,402 INFO o.a.j.t.JMeterThread: Thread finished: Teachers and learners 1-163
2026-10-04 20:59:05,415 INFO o.a.j.t.JMeterThread: Thread is done: Teachers and learners 1-131
2026-10-04 20:59:05,415 INFO o.a.j.t.JMeterThread: Thread finished: Teachers and learners 1-131
2026-10-04 20:59:05,431 INFO o.a.j.t.JMeterThread: Thread started: Teachers and learners 1-539
2026-10-04 20:59:05,461 INFO o.a.j.t.JMeterThread: Thread started: Teachers and learners 1-540
2026-10-04 20:59:05,491 INFO o.a.j.t.JMeterThread: Thread started: Teachers and learners 1-541
2026-10-04 20:59:05,497 INFO o.a.j.t.JMeterThread: Thread is done: Teachers and learners 1-101
2026-10-04 20:59:05,497 INFO o.a.j.t.JMeterThread: Thread finished: Teachers and learners 1-101
2026-10-04 20:59:05,508 INFO o.a.j.t.JMeterThread: Thread is done: Teachers and learners 1-149
2026-10-04 20:59:05,508 INFO o.a.j.t.JMeterThread: Thread finished: Teachers and learners 1-149
2026-10-04 20:59:05,521 INFO o.a.j.t.JMeterThread: Thread started: Teachers and learners 1-542
2026-10-04 20:59:05,551 INFO o.a.j.t.JMeterThread: Thread started: Teachers and learners 1-543
2026-10-04 20:59:05,582 INFO o.a.j.t.JMeterThread: Thread started: Teachers and learners 1-544
2026-10-04 20:59:05,608 INFO o.a.j.t.JMeterThread: Thread is done: Teachers and learners 1-133
2026-10-04 20:59:05,608 INFO o.a.j.t.JMeterThread: Thread finished: Teachers and learners 1-133
2026-10-04 20:59:05,611 INFO o.a.j.t.JMeterThread: Thread started: Teachers and learners 1-545
2026-10-04 20:59:05,641 INFO o.a.j.t.JMeterThread: Thread started: Teachers and learners 1-546
2026-10-04 20:59:05,643 INFO o.a.j.t.JMeterThread: Thread is done: Teachers and learners 1-117
2026-10-04 20:59:05,643 INFO o.a.j.t.JMeterThread: Thread finished: Teachers and learners 1-117
2026-10-04 20:59:05,671 INFO o.a.j.t.JMeterThread: Thread started: Teachers and learners 1-547
2026-10-04 20:59:05,701 INFO o.a.j.t.JMeterThread: Thread started: Teachers and learners 1-548
2026-10-04 20:59:05,731 INFO o.a.j.t.JMeterThread: Thread started: Teachers and learners 1-549
2026-10-04 20:59:05,762 INFO o.a.j.t.JMeterThread: Thread started: Teachers and learners 1-550
2026-10-04 20:59:05,792 INFO o.a.j.t.JMeterThread: Thread started: Teachers and learners 1-551
2026-10-04 20:59:05,816 INFO o.a.j.t.JMeterThread: Thread is done: Teachers and learners 1-125
2026-10-04 20:59:05,816 INFO o.a.j.t.JMeterThread: Thread finished: Teachers and learners 1-125
2026-10-04 20:59:05,822 INFO o.a.j.t.JMeterThread: Thread started: Teachers and learners 1-552
2026-10-04 20:59:05,828 INFO o.a.j.t.JMeterThread: Thread is done: Teachers and learners 1-155
2026-10-04 20:59:05,828 INFO o.a.j.t.JMeterThread: Thread finished: Teachers and learners 1-155
2026-10-04 20:59:05,852 INFO o.a.j.t.JMeterThread: Thread started: Teachers and learners 1-553
2026-10-04 20:59:05,860 INFO o.a.j.t.JMeterThread: Thread is done: Teachers and learners 1-164
2026-10-04 20:59:05,860 INFO o.a.j.t.JMeterThread: Thread finished: Teachers and learners 1-164
2026-10-04 20:59:05,883 INFO o.a.j.t.JMeterThread: Thread started: Teachers and learners 1-554
2026-10-04 20:59:05,911 INFO o.a.j.t.JMeterThread: Thread started: Teachers and learners 1-555
2026-10-04 20:59:05,941 INFO o.a.j.t.JMeterThread: Thread started: Teachers and learners 1-556
2026-10-04 20:59:05,960 INFO o.a.j.t.JMeterThread: Thread is done: Teachers and learners 1-145
2026-10-04 20:59:05,960 INFO o.a.j.t.JMeterThread: Thread finished: Teachers and learners 1-145
2026-10-04 20:59:05,964 INFO o.a.j.t.JMeterThread: Thread is done: Teachers and learners 1-174
2026-10-04 20:59:05,964 INFO o.a.j.t.JMeterThread: Thread finished: Teachers and learners 1-174
2026-10-04 20:59:05,971 INFO o.a.j.t.JMeterThread: Thread started: Teachers and learners 1-557
2026-10-04 20:59:06,001 INFO o.a.j.t.JMeterThread: Thread started: Teachers and learners 1-558
2026-10-04 20:59:06,007 INFO o.a.j.t.JMeterThread: Thread is done: Teachers and learners 1-177
2026-10-04 20:59:06,007 INFO o.a.j.t.JMeterThread: Thread finished: Teachers and learners 1-177
2026-10-04 20:59:06,031 INFO o.a.j.t.JMeterThread: Thread started: Teachers and learners 1-559
2026-10-04 20:59:06,053 INFO o.a.j.t.JMeterThread: Thread is done: Teachers and learners 1-157
2026-10-04 20:59:06,053 INFO o.a.j.t.JMeterThread: Thread finished: Teachers and learners 1-157
2026-10-04 20:59:06,061 INFO o.a.j.t.JMeterThread: Thread is done: Teachers and learners 1-132
2026-10-04 20:59:06,061 INFO o.a.j.t.JMeterThread: Thread finished: Teachers and learners 1-132
2026-10-04 20:59:06,062 INFO o.a.j.t.JMeterThread: Thread started: Teachers and learners 1-560
2026-10-04 20:59:06,066 INFO o.a.j.t.JMeterThread: Thread is done: Teachers and learners 1-153
2026-10-04 20:59:06,066 INFO o.a.j.t.JMeterThread: Thread finished: Teachers and learners 1-153
2026-10-04 20:59:06,093 INFO o.a.j.t.JMeterThread: Thread started: Teachers and learners 1-561
2026-10-04 20:59:06,122 INFO o.a.j.t.JMeterThread: Thread started: Teachers and learners 1-562
2026-10-04 20:59:06,151 INFO o.a.j.t.JMeterThread: Thread started: Teachers and learners 1-563
2026-10-04 20:59:06,152 INFO o.a.j.t.JMeterThread: Thread is done: Teachers and learners 1-161
2026-10-04 20:59:06,152 INFO o.a.j.t.JMeterThread: Thread finished: Teachers and learners 1-161
2026-10-04 20:59:06,174 INFO o.a.j.t.JMeterThread: Thread is done: Teachers and learners 1-140
2026-10-04 20:59:06,174 INFO o.a.j.t.JMeterThread: Thread finished: Teachers and learners 1-140
2026-10-04 20:59:06,182 INFO o.a.j.t.JMeterThread: Thread started: Teachers and learners 1-564
2026-10-04 20:59:06,211 INFO o.a.j.t.JMeterThread: Thread started: Teachers and learners 1-565
2026-10-04 20:59:06,242 INFO o.a.j.t.JMeterThread: Thread started: Teachers and learners 1-566
2026-10-04 20:59:06,272 INFO o.a.j.t.JMeterThread: Thread started: Teachers and learners 1-567
2026-10-04 20:59:06,295 INFO o.a.j.t.JMeterThread: Thread is done: Teachers and learners 1-171
2026-10-04 20:59:06,295 INFO o.a.j.t.JMeterThread: Thread finished: Teachers and learners 1-171
2026-10-04 20:59:06,302 INFO o.a.j.t.JMeterThread: Thread started: Teachers and learners 1-568
2026-10-04 20:59:06,331 INFO o.a.j.t.JMeterThread: Thread started: Teachers and learners 1-569
2026-10-04 20:59:06,361 INFO o.a.j.t.JMeterThread: Thread started: Teachers and learners 1-570
2026-10-04 20:59:06,392 INFO o.a.j.t.JMeterThread: Thread started: Teachers and learners 1-571
2026-10-04 20:59:06,400 INFO o.a.j.t.JMeterThread: Thread is done: Teachers and learners 1-114
2026-10-04 20:59:06,400 INFO o.a.j.t.JMeterThread: Thread finished: Teachers and learners 1-114
2026-10-04 20:59:06,422 INFO o.a.j.t.JMeterThread: Thread started: Teachers and learners 1-572
2026-10-04 20:59:06,452 INFO o.a.j.t.JMeterThread: Thread started: Teachers and learners 1-573
2026-10-04 20:59:06,482 INFO o.a.j.t.JMeterThread: Thread started: Teachers and learners 1-574
2026-10-04 20:59:06,511 INFO o.a.j.t.JMeterThread: Thread started: Teachers and learners 1-575
2026-10-04 20:59:06,541 INFO o.a.j.t.JMeterThread: Thread started: Teachers and learners 1-576
2026-10-04 20:59:06,571 INFO o.a.j.t.JMeterThread: Thread started: Teachers and learners 1-577
2026-10-04 20:59:06,602 INFO o.a.j.t.JMeterThread: Thread started: Teachers and learners 1-578
2026-10-04 20:59:06,632 INFO o.a.j.t.JMeterThread: Thread started: Teachers and learners 1-579
2026-10-04 20:59:06,662 INFO o.a.j.t.JMeterThread: Thread started: Teachers and learners 1-580
2026-10-04 20:59:06,676 INFO o.a.j.t.JMeterThread: Thread is done: Teachers and learners 1-160
2026-10-04 20:59:06,676 INFO o.a.j.t.JMeterThread: Thread finished: Teachers and learners 1-160
2026-10-04 20:59:06,691 INFO o.a.j.t.JMeterThread: Thread started: Teachers and learners 1-581
2026-10-04 20:59:06,721 INFO o.a.j.t.JMeterThread: Thread started: Teachers and learners 1-582
2026-10-04 20:59:06,751 INFO o.a.j.t.JMeterThread: Thread started: Teachers and learners 1-583
2026-10-04 20:59:06,751 INFO o.a.j.t.JMeterThread: Thread is done: Teachers and learners 1-129
2026-10-04 20:59:06,751 INFO o.a.j.t.JMeterThread: Thread finished: Teachers and learners 1-129
2026-10-04 20:59:06,781 INFO o.a.j.t.JMeterThread: Thread started: Teachers and learners 1-584
2026-10-04 20:59:06,788 INFO o.a.j.t.JMeterThread: Thread is done: Teachers and learners 1-139
2026-10-04 20:59:06,788 INFO o.a.j.t.JMeterThread: Thread finished: Teachers and learners 1-139
2026-10-04 20:59:06,812 INFO o.a.j.t.JMeterThread: Thread started: Teachers and learners 1-585
2026-10-04 20:59:06,829 INFO o.a.j.t.JMeterThread: Thread is done: Teachers and learners 1-166
2026-10-04 20:59:06,829 INFO o.a.j.t.JMeterThread: Thread finished: Teachers and learners 1-166
2026-10-04 20:59:06,842 INFO o.a.j.t.JMeterThread: Thread started: Teachers and learners 1-586
2026-10-04 20:59:06,872 INFO o.a.j.t.JMeterThread: Thread started: Teachers and learners 1-587
2026-10-04 20:59:06,902 INFO o.a.j.t.JMeterThread: Thread started: Teachers and learners 1-588
2026-10-04 20:59:06,919 INFO o.a.j.t.JMeterThread: Thread is done: Teachers and learners 1-134
2026-10-04 20:59:06,919 INFO o.a.j.t.JMeterThread: Thread finished: Teachers and learners 1-134
2026-10-04 20:59:06,931 INFO o.a.j.t.JMeterThread: Thread started: Teachers and learners 1-589
2026-10-04 20:59:06,961 INFO o.a.j.t.JMeterThread: Thread started: Teachers and learners 1-590
2026-10-04 20:59:06,962 INFO o.a.j.t.JMeterThread: Thread is done: Teachers and learners 1-118
2026-10-04 20:59:06,962 INFO o.a.j.t.JMeterThread: Thread finished: Teachers and learners 1-118
2026-10-04 20:59:06,991 INFO o.a.j.t.JMeterThread: Thread started: Teachers and learners 1-591
2026-10-04 20:59:07,007 INFO o.a.j.t.JMeterThread: Thread is done: Teachers and learners 1-159
2026-10-04 20:59:07,007 INFO o.a.j.t.JMeterThread: Thread finished: Teachers and learners 1-159
2026-10-04 20:59:07,021 INFO o.a.j.t.JMeterThread: Thread started: Teachers and learners 1-592
2026-10-04 20:59:07,051 INFO o.a.j.t.JMeterThread: Thread started: Teachers and learners 1-593
2026-10-04 20:59:07,080 INFO o.a.j.t.JMeterThread: Thread is done: Teachers and learners 1-168
2026-10-04 20:59:07,080 INFO o.a.j.t.JMeterThread: Thread finished: Teachers and learners 1-168
2026-10-04 20:59:07,081 INFO o.a.j.t.JMeterThread: Thread started: Teachers and learners 1-594
2026-10-04 20:59:07,112 INFO o.a.j.t.JMeterThread: Thread started: Teachers and learners 1-595
2026-10-04 20:59:07,118 INFO o.a.j.t.JMeterThread: Thread is done: Teachers and learners 1-147
2026-10-04 20:59:07,118 INFO o.a.j.t.JMeterThread: Thread finished: Teachers and learners 1-147
2026-10-04 20:59:07,142 INFO o.a.j.t.JMeterThread: Thread started: Teachers and learners 1-596
2026-10-04 20:59:07,172 INFO o.a.j.t.JMeterThread: Thread started: Teachers and learners 1-597
2026-10-04 20:59:07,202 INFO o.a.j.t.JMeterThread: Thread started: Teachers and learners 1-598
2026-10-04 20:59:07,212 INFO o.a.j.t.JMeterThread: Thread is done: Teachers and learners 1-146
2026-10-04 20:59:07,212 INFO o.a.j.t.JMeterThread: Thread finished: Teachers and learners 1-146
2026-10-04 20:59:07,226 INFO o.a.j.t.JMeterThread: Thread is done: Teachers and learners 1-178
2026-10-04 20:59:07,226 INFO o.a.j.t.JMeterThread: Thread finished: Teachers and learners 1-178
2026-10-04 20:59:07,232 INFO o.a.j.t.JMeterThread: Thread started: Teachers and learners 1-599
2026-10-04 20:59:07,261 INFO o.a.j.t.JMeterThread: Thread started: Teachers and learners 1-600
2026-10-04 20:59:07,292 INFO o.a.j.t.JMeterThread: Thread started: Teachers and learners 1-601
2026-10-04 20:59:07,295 INFO o.a.j.t.JMeterThread: Thread is done: Teachers and learners 1-141
2026-10-04 20:59:07,295 INFO o.a.j.t.JMeterThread: Thread finished: Teachers and learners 1-141
2026-10-04 20:59:07,322 INFO o.a.j.t.JMeterThread: Thread started: Teachers and learners 1-602
2026-10-04 20:59:07,351 INFO o.a.j.t.JMeterThread: Thread started: Teachers and learners 1-603
2026-10-04 20:59:07,381 INFO o.a.j.t.JMeterThread: Thread started: Teachers and learners 1-604
2026-10-04 20:59:07,411 INFO o.a.j.t.JMeterThread: Thread started: Teachers and learners 1-605
2026-10-04 20:59:07,425 INFO o.a.j.t.JMeterThread: Thread is done: Teachers and learners 1-158
2026-10-04 20:59:07,425 INFO o.a.j.t.JMeterThread: Thread finished: Teachers and learners 1-158
2026-10-04 20:59:07,442 INFO o.a.j.t.JMeterThread: Thread started: Teachers and learners 1-606
2026-10-04 20:59:07,471 INFO o.a.j.t.JMeterThread: Thread started: Teachers and learners 1-607
2026-10-04 20:59:07,501 INFO o.a.j.t.JMeterThread: Thread started: Teachers and learners 1-608
2026-10-04 20:59:07,532 INFO o.a.j.t.JMeterThread: Thread started: Teachers and learners 1-609
2026-10-04 20:59:07,562 INFO o.a.j.t.JMeterThread: Thread started: Teachers and learners 1-610
2026-10-04 20:59:07,573 INFO o.a.j.t.JMeterThread: Thread is done: Teachers and learners 1-165
2026-10-04 20:59:07,573 INFO o.a.j.t.JMeterThread: Thread finished: Teachers and learners 1-165
2026-10-04 20:59:07,592 INFO o.a.j.t.JMeterThread: Thread started: Teachers and learners 1-611
2026-10-04 20:59:07,621 INFO o.a.j.t.JMeterThread: Thread started: Teachers and learners 1-612
2026-10-04 20:59:07,643 INFO o.a.j.t.JMeterThread: Thread is done: Teachers and learners 1-124
2026-10-04 20:59:07,643 INFO o.a.j.t.JMeterThread: Thread finished: Teachers and learners 1-124
2026-10-04 20:59:07,651 INFO o.a.j.t.JMeterThread: Thread started: Teachers and learners 1-613
2026-10-04 20:59:07,681 INFO o.a.j.t.JMeterThread: Thread started: Teachers and learners 1-614
2026-10-04 20:59:07,711 INFO o.a.j.t.JMeterThread: Thread started: Teachers and learners 1-615
2026-10-04 20:59:07,742 INFO o.a.j.t.JMeterThread: Thread started: Teachers and learners 1-616
2026-10-04 20:59:07,746 INFO o.a.j.t.JMeterThread: Thread is done: Teachers and learners 1-196
2026-10-04 20:59:07,746 INFO o.a.j.t.JMeterThread: Thread finished: Teachers and learners 1-196
2026-10-04 20:59:07,772 INFO o.a.j.t.JMeterThread: Thread started: Teachers and learners 1-617
2026-10-04 20:59:07,802 INFO o.a.j.t.JMeterThread: Thread started: Teachers and learners 1-618
2026-10-04 20:59:07,831 INFO o.a.j.t.JMeterThread: Thread started: Teachers and learners 1-619
2026-10-04 20:59:07,861 INFO o.a.j.t.JMeterThread: Thread started: Teachers and learners 1-620
2026-10-04 20:59:07,892 INFO o.a.j.t.JMeterThread: Thread started: Teachers and learners 1-621
2026-10-04 20:59:07,922 INFO o.a.j.t.JMeterThread: Thread started: Teachers and learners 1-622
2026-10-04 20:59:07,951 INFO o.a.j.t.JMeterThread: Thread started: Teachers and learners 1-623
2026-10-04 20:59:07,982 INFO o.a.j.t.JMeterThread: Thread started: Teachers and learners 1-624
2026-10-04 20:59:08,012 INFO o.a.j.t.JMeterThread: Thread started: Teachers and learners 1-625
2026-10-04 20:59:08,041 INFO o.a.j.t.JMeterThread: Thread started: Teachers and learners 1-626
2026-10-04 20:59:08,072 INFO o.a.j.t.JMeterThread: Thread started: Teachers and learners 1-627
2026-10-04 20:59:08,102 INFO o.a.j.t.JMeterThread: Thread started: Teachers and learners 1-628
2026-10-04 20:59:08,121 INFO o.a.j.t.JMeterThread: Thread is done: Teachers and learners 1-181
2026-10-04 20:59:08,121 INFO o.a.j.t.JMeterThread: Thread finished: Teachers and learners 1-181
2026-10-04 20:59:08,133 INFO o.a.j.t.JMeterThread: Thread started: Teachers and learners 1-629
2026-10-04 20:59:08,157 INFO o.a.j.t.JMeterThread: Thread is done: Teachers and learners 1-187
2026-10-04 20:59:08,157 INFO o.a.j.t.JMeterThread: Thread finished: Teachers and learners 1-187
2026-10-04 20:59:08,162 INFO o.a.j.t.JMeterThread: Thread started: Teachers and learners 1-630
2026-10-04 20:59:08,191 INFO o.a.j.t.JMeterThread: Thread started: Teachers and learners 1-631
2026-10-04 20:59:08,210 INFO o.a.j.t.JMeterThread: Thread is done: Teachers and learners 1-182
2026-10-04 20:59:08,210 INFO o.a.j.t.JMeterThread: Thread finished: Teachers and learners 1-182
2026-10-04 20:59:08,222 INFO o.a.j.t.JMeterThread: Thread started: Teachers and learners 1-632
2026-10-04 20:59:08,252 INFO o.a.j.t.JMeterThread: Thread started: Teachers and learners 1-633
2026-10-04 20:59:08,274 INFO o.a.j.t.JMeterThread: Thread is done: Teachers and learners 1-148
2026-10-04 20:59:08,274 INFO o.a.j.t.JMeterThread: Thread finished: Teachers and learners 1-148
2026-10-04 20:59:08,282 INFO o.a.j.t.JMeterThread: Thread started: Teachers and learners 1-634
2026-10-04 20:59:08,301 INFO o.a.j.t.JMeterThread: Thread is done: Teachers and learners 1-179
2026-10-04 20:59:08,302 INFO o.a.j.t.JMeterThread: Thread finished: Teachers and learners 1-179
2026-10-04 20:59:08,312 INFO o.a.j.t.JMeterThread: Thread started: Teachers and learners 1-635
2026-10-04 20:59:08,341 INFO o.a.j.t.JMeterThread: Thread started: Teachers and learners 1-636
2026-10-04 20:59:08,371 INFO o.a.j.t.JMeterThread: Thread started: Teachers and learners 1-637
2026-10-04 20:59:08,399 INFO o.a.j.t.JMeterThread: Thread is done: Teachers and learners 1-170
2026-10-04 20:59:08,399 INFO o.a.j.t.JMeterThread: Thread finished: Teachers and learners 1-170
2026-10-04 20:59:08,401 INFO o.a.j.t.JMeterThread: Thread started: Teachers and learners 1-638
2026-10-04 20:59:08,431 INFO o.a.j.t.JMeterThread: Thread started: Teachers and learners 1-639
2026-10-04 20:59:08,461 INFO o.a.j.t.JMeterThread: Thread started: Teachers and learners 1-640
2026-10-04 20:59:08,491 INFO o.a.j.t.JMeterThread: Thread started: Teachers and learners 1-641
2026-10-04 20:59:08,521 INFO o.a.j.t.JMeterThread: Thread started: Teachers and learners 1-642
2026-10-04 20:59:08,551 INFO o.a.j.t.JMeterThread: Thread started: Teachers and learners 1-643
2026-10-04 20:59:08,583 INFO o.a.j.t.JMeterThread: Thread started: Teachers and learners 1-644
2026-10-04 20:59:08,613 INFO o.a.j.t.JMeterThread: Thread started: Teachers and learners 1-645
2026-10-04 20:59:08,642 INFO o.a.j.t.JMeterThread: Thread started: Teachers and learners 1-646
2026-10-04 20:59:08,672 INFO o.a.j.t.JMeterThread: Thread started: Teachers and learners 1-647
2026-10-04 20:59:08,702 INFO o.a.j.t.JMeterThread: Thread started: Teachers and learners 1-648
2026-10-04 20:59:08,703 INFO o.a.j.t.JMeterThread: Thread is done: Teachers and learners 1-151
2026-10-04 20:59:08,703 INFO o.a.j.t.JMeterThread: Thread finished: Teachers and learners 1-151
2026-10-04 20:59:08,732 INFO o.a.j.t.JMeterThread: Thread started: Teachers and learners 1-649
2026-10-04 20:59:08,761 INFO o.a.j.t.JMeterThread: Thread started: Teachers and learners 1-650
2026-10-04 20:59:08,791 INFO o.a.j.t.JMeterThread: Thread started: Teachers and learners 1-651
2026-10-04 20:59:08,823 INFO o.a.j.t.JMeterThread: Thread started: Teachers and learners 1-652
2026-10-04 20:59:08,852 INFO o.a.j.t.JMeterThread: Thread started: Teachers and learners 1-653
2026-10-04 20:59:08,883 INFO o.a.j.t.JMeterThread: Thread started: Teachers and learners 1-654
2026-10-04 20:59:08,887 INFO o.a.j.t.JMeterThread: Thread is done: Teachers and learners 1-176
2026-10-04 20:59:08,887 INFO o.a.j.t.JMeterThread: Thread finished: Teachers and learners 1-176
2026-10-04 20:59:08,913 INFO o.a.j.t.JMeterThread: Thread started: Teachers and learners 1-655
2026-10-04 20:59:08,926 INFO o.a.j.t.JMeterThread: Thread is done: Teachers and learners 1-184
2026-10-04 20:59:08,926 INFO o.a.j.t.JMeterThread: Thread finished: Teachers and learners 1-184
2026-10-04 20:59:08,943 INFO o.a.j.t.JMeterThread: Thread started: Teachers and learners 1-656
2026-10-04 20:59:08,973 INFO o.a.j.t.JMeterThread: Thread started: Teachers and learners 1-657
2026-10-04 20:59:09,002 INFO o.a.j.t.JMeterThread: Thread is done: Teachers and learners 1-167
2026-10-04 20:59:09,002 INFO o.a.j.t.JMeterThread: Thread finished: Teachers and learners 1-167
2026-10-04 20:59:09,002 INFO o.a.j.t.JMeterThread: Thread started: Teachers and learners 1-658
2026-10-04 20:59:09,032 INFO o.a.j.t.JMeterThread: Thread started: Teachers and learners 1-659
2026-10-04 20:59:09,033 INFO o.a.j.t.JMeterThread: Thread is done: Teachers and learners 1-150
2026-10-04 20:59:09,033 INFO o.a.j.t.JMeterThread: Thread finished: Teachers and learners 1-150
2026-10-04 20:59:09,062 INFO o.a.j.t.JMeterThread: Thread started: Teachers and learners 1-660
2026-10-04 20:59:09,092 INFO o.a.j.t.JMeterThread: Thread started: Teachers and learners 1-661
2026-10-04 20:59:09,121 INFO o.a.j.t.JMeterThread: Thread started: Teachers and learners 1-662
2026-10-04 20:59:09,152 INFO o.a.j.t.JMeterThread: Thread started: Teachers and learners 1-663
2026-10-04 20:59:09,182 INFO o.a.j.t.JMeterThread: Thread started: Teachers and learners 1-664
2026-10-04 20:59:09,198 INFO o.a.j.t.JMeterThread: Thread is done: Teachers and learners 1-162
2026-10-04 20:59:09,198 INFO o.a.j.t.JMeterThread: Thread finished: Teachers and learners 1-162
2026-10-04 20:59:09,211 INFO o.a.j.t.JMeterThread: Thread started: Teachers and learners 1-665
2026-10-04 20:59:09,242 INFO o.a.j.t.JMeterThread: Thread started: Teachers and learners 1-666
2026-10-04 20:59:09,257 INFO o.a.j.t.JMeterThread: Thread is done: Teachers and learners 1-188
2026-10-04 20:59:09,257 INFO o.a.j.t.JMeterThread: Thread finished: Teachers and learners 1-188
2026-10-04 20:59:09,273 INFO o.a.j.t.JMeterThread: Thread started: Teachers and learners 1-667
2026-10-04 20:59:09,302 INFO o.a.j.t.JMeterThread: Thread started: Teachers and learners 1-668
2026-10-04 20:59:09,332 INFO o.a.j.t.JMeterThread: Thread started: Teachers and learners 1-669
2026-10-04 20:59:09,363 INFO o.a.j.t.JMeterThread: Thread started: Teachers and learners 1-670
2026-10-04 20:59:09,392 INFO o.a.j.t.JMeterThread: Thread started: Teachers and learners 1-671
2026-10-04 20:59:09,403 INFO o.a.j.t.JMeterThread: Thread is done: Teachers and learners 1-209
2026-10-04 20:59:09,403 INFO o.a.j.t.JMeterThread: Thread finished: Teachers and learners 1-209
2026-10-04 20:59:09,421 INFO o.a.j.t.JMeterThread: Thread started: Teachers and learners 1-672
2026-10-04 20:59:09,451 INFO o.a.j.t.JMeterThread: Thread started: Teachers and learners 1-673
2026-10-04 20:59:09,481 INFO o.a.j.t.JMeterThread: Thread started: Teachers and learners 1-674
2026-10-04 20:59:09,513 INFO o.a.j.t.JMeterThread: Thread started: Teachers and learners 1-675
2026-10-04 20:59:09,541 INFO o.a.j.t.JMeterThread: Thread started: Teachers and learners 1-676
2026-10-04 20:59:09,572 INFO o.a.j.t.JMeterThread: Thread started: Teachers and learners 1-677
2026-10-04 20:59:09,600 INFO o.a.j.t.JMeterThread: Thread is done: Teachers and learners 1-169
2026-10-04 20:59:09,600 INFO o.a.j.t.JMeterThread: Thread finished: Teachers and learners 1-169
2026-10-04 20:59:09,602 INFO o.a.j.t.JMeterThread: Thread started: Teachers and learners 1-678
2026-10-04 20:59:09,624 INFO o.a.j.t.JMeterThread: Thread is done: Teachers and learners 1-183
2026-10-04 20:59:09,624 INFO o.a.j.t.JMeterThread: Thread finished: Teachers and learners 1-183
2026-10-04 20:59:09,631 INFO o.a.j.t.JMeterThread: Thread started: Teachers and learners 1-679
2026-10-04 20:59:09,662 INFO o.a.j.t.JMeterThread: Thread started: Teachers and learners 1-680
2026-10-04 20:59:09,692 INFO o.a.j.t.JMeterThread: Thread started: Teachers and learners 1-681
2026-10-04 20:59:09,723 INFO o.a.j.t.JMeterThread: Thread started: Teachers and learners 1-682
2026-10-04 20:59:09,752 INFO o.a.j.t.JMeterThread: Thread started: Teachers and learners 1-683
2026-10-04 20:59:09,777 INFO o.a.j.t.JMeterThread: Thread is done: Teachers and learners 1-207
2026-10-04 20:59:09,779 INFO o.a.j.t.JMeterThread: Thread finished: Teachers and learners 1-207
2026-10-04 20:59:09,782 INFO o.a.j.t.JMeterThread: Thread started: Teachers and learners 1-684
2026-10-04 20:59:09,811 INFO o.a.j.t.JMeterThread: Thread started: Teachers and learners 1-685
2026-10-04 20:59:09,842 INFO o.a.j.t.JMeterThread: Thread started: Teachers and learners 1-686
2026-10-04 20:59:09,849 INFO o.a.j.t.JMeterThread: Thread is done: Teachers and learners 1-197
2026-10-04 20:59:09,849 INFO o.a.j.t.JMeterThread: Thread finished: Teachers and learners 1-197
2026-10-04 20:59:09,858 INFO o.a.j.t.JMeterThread: Thread is done: Teachers and learners 1-204
2026-10-04 20:59:09,858 INFO o.a.j.t.JMeterThread: Thread finished: Teachers and learners 1-204
2026-10-04 20:59:09,872 INFO o.a.j.t.JMeterThread: Thread started: Teachers and learners 1-687
2026-10-04 20:59:09,898 INFO o.a.j.t.JMeterThread: Thread is done: Teachers and learners 1-189
2026-10-04 20:59:09,898 INFO o.a.j.t.JMeterThread: Thread finished: Teachers and learners 1-189
2026-10-04 20:59:09,902 INFO o.a.j.t.JMeterThread: Thread started: Teachers and learners 1-688
2026-10-04 20:59:09,931 INFO o.a.j.t.JMeterThread: Thread started: Teachers and learners 1-689
2026-10-04 20:59:09,961 INFO o.a.j.t.JMeterThread: Thread started: Teachers and learners 1-690
2026-10-04 20:59:09,991 INFO o.a.j.t.JMeterThread: Thread started: Teachers and learners 1-691
2026-10-04 20:59:10,021 INFO o.a.j.t.JMeterThread: Thread started: Teachers and learners 1-692
2026-10-04 20:59:10,051 INFO o.a.j.t.JMeterThread: Thread started: Teachers and learners 1-693
2026-10-04 20:59:10,054 INFO o.a.j.t.JMeterThread: Thread is done: Teachers and learners 1-192
2026-10-04 20:59:10,054 INFO o.a.j.t.JMeterThread: Thread finished: Teachers and learners 1-192
2026-10-04 20:59:10,060 INFO o.a.j.t.JMeterThread: Thread is done: Teachers and learners 1-203
2026-10-04 20:59:10,060 INFO o.a.j.t.JMeterThread: Thread finished: Teachers and learners 1-203
2026-10-04 20:59:10,081 INFO o.a.j.t.JMeterThread: Thread started: Teachers and learners 1-694
2026-10-04 20:59:10,101 INFO o.a.j.t.JMeterThread: Thread is done: Teachers and learners 1-190
2026-10-04 20:59:10,101 INFO o.a.j.t.JMeterThread: Thread finished: Teachers and learners 1-190
2026-10-04 20:59:10,117 INFO o.a.j.t.JMeterThread: Thread started: Teachers and learners 1-695
2026-10-04 20:59:10,148 INFO o.a.j.t.JMeterThread: Thread started: Teachers and learners 1-696
2026-10-04 20:59:10,181 INFO o.a.j.t.JMeterThread: Thread started: Teachers and learners 1-697
2026-10-04 20:59:10,205 INFO o.a.j.t.JMeterThread: Thread started: Teachers and learners 1-698
2026-10-04 20:59:10,218 INFO o.a.j.t.JMeterThread: Thread is done: Teachers and learners 1-191
2026-10-04 20:59:10,218 INFO o.a.j.t.JMeterThread: Thread finished: Teachers and learners 1-191
2026-10-04 20:59:10,234 INFO o.a.j.t.JMeterThread: Thread started: Teachers and learners 1-699
2026-10-04 20:59:10,247 INFO o.a.j.t.JMeterThread: Thread is done: Teachers and learners 1-217
2026-10-04 20:59:10,247 INFO o.a.j.t.JMeterThread: Thread finished: Teachers and learners 1-217
2026-10-04 20:59:10,263 INFO o.a.j.t.JMeterThread: Thread started: Teachers and learners 1-700
2026-10-04 20:59:10,271 INFO o.a.j.t.JMeterThread: Thread is done: Teachers and learners 1-185
2026-10-04 20:59:10,271 INFO o.a.j.t.JMeterThread: Thread finished: Teachers and learners 1-185
2026-10-04 20:59:10,293 INFO o.a.j.t.JMeterThread: Thread is done: Teachers and learners 1-173
2026-10-04 20:59:10,293 INFO o.a.j.t.JMeterThread: Thread finished: Teachers and learners 1-173
2026-10-04 20:59:10,294 INFO o.a.j.t.JMeterThread: Thread started: Teachers and learners 1-701
2026-10-04 20:59:10,326 INFO o.a.j.t.JMeterThread: Thread started: Teachers and learners 1-702
2026-10-04 20:59:10,355 INFO o.a.j.t.JMeterThread: Thread started: Teachers and learners 1-703
2026-10-04 20:59:10,390 INFO o.a.j.t.JMeterThread: Thread started: Teachers and learners 1-704
2026-10-04 20:59:10,417 INFO o.a.j.t.JMeterThread: Thread started: Teachers and learners 1-705
2026-10-04 20:59:10,431 INFO o.a.j.t.JMeterThread: Thread is done: Teachers and learners 1-228
2026-10-04 20:59:10,431 INFO o.a.j.t.JMeterThread: Thread finished: Teachers and learners 1-228
2026-10-04 20:59:10,438 INFO o.a.j.t.JMeterThread: Thread is done: Teachers and learners 1-198
2026-10-04 20:59:10,438 INFO o.a.j.t.JMeterThread: Thread finished: Teachers and learners 1-198
2026-10-04 20:59:10,443 INFO o.a.j.t.JMeterThread: Thread started: Teachers and learners 1-706
2026-10-04 20:59:10,473 INFO o.a.j.t.JMeterThread: Thread started: Teachers and learners 1-707
2026-10-04 20:59:10,491 INFO o.a.j.t.JMeterThread: Thread is done: Teachers and learners 1-202
2026-10-04 20:59:10,491 INFO o.a.j.t.JMeterThread: Thread finished: Teachers and learners 1-202
2026-10-04 20:59:10,505 INFO o.a.j.t.JMeterThread: Thread started: Teachers and learners 1-708
2026-10-04 20:59:10,535 INFO o.a.j.t.JMeterThread: Thread started: Teachers and learners 1-709
2026-10-04 20:59:10,565 INFO o.a.j.t.JMeterThread: Thread started: Teachers and learners 1-710
2026-10-04 20:59:10,596 INFO o.a.j.t.JMeterThread: Thread started: Teachers and learners 1-711
2026-10-04 20:59:10,628 INFO o.a.j.t.JMeterThread: Thread started: Teachers and learners 1-712
2026-10-04 20:59:10,659 INFO o.a.j.t.JMeterThread: Thread started: Teachers and learners 1-713
2026-10-04 20:59:10,669 INFO o.a.j.t.JMeterThread: Thread is done: Teachers and learners 1-216
2026-10-04 20:59:10,669 INFO o.a.j.t.JMeterThread: Thread finished: Teachers and learners 1-216
2026-10-04 20:59:10,681 INFO o.a.j.t.JMeterThread: Thread is done: Teachers and learners 1-201
2026-10-04 20:59:10,681 INFO o.a.j.t.JMeterThread: Thread finished: Teachers and learners 1-201
2026-10-04 20:59:10,682 INFO o.a.j.t.JMeterThread: Thread started: Teachers and learners 1-714
2026-10-04 20:59:10,713 INFO o.a.j.t.JMeterThread: Thread started: Teachers and learners 1-715
2026-10-04 20:59:10,735 INFO o.a.j.t.JMeterThread: Thread is done: Teachers and learners 1-229
2026-10-04 20:59:10,735 INFO o.a.j.t.JMeterThread: Thread finished: Teachers and learners 1-229
2026-10-04 20:59:10,740 INFO o.a.j.t.JMeterThread: Thread is done: Teachers and learners 1-199
2026-10-04 20:59:10,740 INFO o.a.j.t.JMeterThread: Thread finished: Teachers and learners 1-199
2026-10-04 20:59:10,745 INFO o.a.j.t.JMeterThread: Thread started: Teachers and learners 1-716
2026-10-04 20:59:10,774 INFO o.a.j.t.JMeterThread: Thread started: Teachers and learners 1-717
2026-10-04 20:59:10,805 INFO o.a.j.t.JMeterThread: Thread started: Teachers and learners 1-718
2026-10-04 20:59:10,837 INFO o.a.j.t.JMeterThread: Thread started: Teachers and learners 1-719
2026-10-04 20:59:10,842 INFO o.a.j.t.JMeterThread: Thread is done: Teachers and learners 1-211
2026-10-04 20:59:10,842 INFO o.a.j.t.JMeterThread: Thread finished: Teachers and learners 1-211
2026-10-04 20:59:10,877 INFO o.a.j.t.JMeterThread: Thread started: Teachers and learners 1-720
2026-10-04 20:59:10,895 INFO o.a.j.t.JMeterThread: Thread started: Teachers and learners 1-721
2026-10-04 20:59:10,925 INFO o.a.j.t.JMeterThread: Thread started: Teachers and learners 1-722
2026-10-04 20:59:10,954 INFO o.a.j.t.JMeterThread: Thread started: Teachers and learners 1-723
2026-10-04 20:59:10,988 INFO o.a.j.t.JMeterThread: Thread started: Teachers and learners 1-724
2026-10-04 20:59:10,992 INFO o.a.j.t.JMeterThread: Thread is done: Teachers and learners 1-200
2026-10-04 20:59:10,992 INFO o.a.j.t.JMeterThread: Thread finished: Teachers and learners 1-200
2026-10-04 20:59:11,007 INFO o.a.j.t.JMeterThread: Thread is done: Teachers and learners 1-175
2026-10-04 20:59:11,007 INFO o.a.j.t.JMeterThread: Thread finished: Teachers and learners 1-175
2026-10-04 20:59:11,015 INFO o.a.j.t.JMeterThread: Thread started: Teachers and learners 1-725
2026-10-04 20:59:11,027 INFO o.a.j.t.JMeterThread: Thread is done: Teachers and learners 1-205
2026-10-04 20:59:11,027 INFO o.a.j.t.JMeterThread: Thread finished: Teachers and learners 1-205
2026-10-04 20:59:11,033 INFO o.a.j.t.JMeterThread: Thread is done: Teachers and learners 1-194
2026-10-04 20:59:11,033 INFO o.a.j.t.JMeterThread: Thread finished: Teachers and learners 1-194
2026-10-04 20:59:11,044 INFO o.a.j.t.JMeterThread: Thread started: Teachers and learners 1-726
2026-10-04 20:59:11,076 INFO o.a.j.t.JMeterThread: Thread started: Teachers and learners 1-727
2026-10-04 20:59:11,093 INFO o.a.j.t.JMeterThread: Thread is done: Teachers and learners 1-195
2026-10-04 20:59:11,093 INFO o.a.j.t.JMeterThread: Thread finished: Teachers and learners 1-195
2026-10-04 20:59:11,102 INFO o.a.j.t.JMeterThread: Thread started: Teachers and learners 1-728
2026-10-04 20:59:11,147 INFO o.a.j.t.JMeterThread: Thread started: Teachers and learners 1-729
2026-10-04 20:59:11,164 INFO o.a.j.t.JMeterThread: Thread started: Teachers and learners 1-730
2026-10-04 20:59:11,195 INFO o.a.j.t.JMeterThread: Thread started: Teachers and learners 1-731
2026-10-04 20:59:11,224 INFO o.a.j.t.JMeterThread: Thread is done: Teachers and learners 1-193
2026-10-04 20:59:11,224 INFO o.a.j.t.JMeterThread: Thread finished: Teachers and learners 1-193
2026-10-04 20:59:11,226 INFO o.a.j.t.JMeterThread: Thread started: Teachers and learners 1-732
2026-10-04 20:59:11,236 INFO o.a.j.t.JMeterThread: Thread is done: Teachers and learners 1-227
2026-10-04 20:59:11,236 INFO o.a.j.t.JMeterThread: Thread finished: Teachers and learners 1-227
2026-10-04 20:59:11,255 INFO o.a.j.t.JMeterThread: Thread started: Teachers and learners 1-733
2026-10-04 20:59:11,285 INFO o.a.j.t.JMeterThread: Thread started: Teachers and learners 1-734
2026-10-04 20:59:11,320 INFO o.a.j.t.JMeterThread: Thread started: Teachers and learners 1-735
2026-10-04 20:59:11,343 INFO o.a.j.t.JMeterThread: Thread started: Teachers and learners 1-736
2026-10-04 20:59:11,374 INFO o.a.j.t.JMeterThread: Thread started: Teachers and learners 1-737
2026-10-04 20:59:11,410 INFO o.a.j.t.JMeterThread: Thread started: Teachers and learners 1-738
2026-10-04 20:59:11,434 INFO o.a.j.t.JMeterThread: Thread started: Teachers and learners 1-739
2026-10-04 20:59:11,464 INFO o.a.j.t.JMeterThread: Thread started: Teachers and learners 1-740
2026-10-04 20:59:11,482 INFO o.a.j.t.JMeterThread: Thread is done: Teachers and learners 1-210
2026-10-04 20:59:11,482 INFO o.a.j.t.JMeterThread: Thread finished: Teachers and learners 1-210
2026-10-04 20:59:11,494 INFO o.a.j.t.JMeterThread: Thread started: Teachers and learners 1-741
2026-10-04 20:59:11,525 INFO o.a.j.t.JMeterThread: Thread started: Teachers and learners 1-742
2026-10-04 20:59:11,555 INFO o.a.j.t.JMeterThread: Thread started: Teachers and learners 1-743
2026-10-04 20:59:11,577 INFO o.a.j.t.JMeterThread: Thread is done: Teachers and learners 1-215
2026-10-04 20:59:11,577 INFO o.a.j.t.JMeterThread: Thread finished: Teachers and learners 1-215
2026-10-04 20:59:11,585 INFO o.a.j.t.JMeterThread: Thread started: Teachers and learners 1-744
2026-10-04 20:59:11,614 INFO o.a.j.t.JMeterThread: Thread started: Teachers and learners 1-745
2026-10-04 20:59:11,644 INFO o.a.j.t.JMeterThread: Thread started: Teachers and learners 1-746
2026-10-04 20:59:11,674 INFO o.a.j.t.JMeterThread: Thread started: Teachers and learners 1-747
2026-10-04 20:59:11,704 INFO o.a.j.t.JMeterThread: Thread started: Teachers and learners 1-748
2026-10-04 20:59:11,736 INFO o.a.j.t.JMeterThread: Thread started: Teachers and learners 1-749
2026-10-04 20:59:11,767 INFO o.a.j.t.JMeterThread: Thread started: Teachers and learners 1-750
2026-10-04 20:59:11,788 INFO o.a.j.t.JMeterThread: Thread is done: Teachers and learners 1-186
2026-10-04 20:59:11,788 INFO o.a.j.t.JMeterThread: Thread finished: Teachers and learners 1-186
2026-10-04 20:59:11,791 INFO o.a.j.t.JMeterThread: Thread started: Teachers and learners 1-751
2026-10-04 20:59:11,812 INFO o.a.j.t.JMeterThread: Thread is done: Teachers and learners 1-212
2026-10-04 20:59:11,812 INFO o.a.j.t.JMeterThread: Thread finished: Teachers and learners 1-212
2026-10-04 20:59:11,835 INFO o.a.j.t.JMeterThread: Thread started: Teachers and learners 1-752
2026-10-04 20:59:11,857 INFO o.a.j.t.JMeterThread: Thread started: Teachers and learners 1-753
2026-10-04 20:59:11,886 INFO o.a.j.t.JMeterThread: Thread started: Teachers and learners 1-754
2026-10-04 20:59:11,912 INFO o.a.j.t.JMeterThread: Thread started: Teachers and learners 1-755
2026-10-04 20:59:11,947 INFO o.a.j.t.JMeterThread: Thread started: Teachers and learners 1-756
2026-10-04 20:59:11,977 INFO o.a.j.t.JMeterThread: Thread started: Teachers and learners 1-757
2026-10-04 20:59:11,994 INFO o.a.j.t.JMeterThread: Thread is done: Teachers and learners 1-180
2026-10-04 20:59:11,995 INFO o.a.j.t.JMeterThread: Thread finished: Teachers and learners 1-180
2026-10-04 20:59:12,001 INFO o.a.j.t.JMeterThread: Thread started: Teachers and learners 1-758
2026-10-04 20:59:12,031 INFO o.a.j.t.JMeterThread: Thread started: Teachers and learners 1-759
2026-10-04 20:59:12,089 INFO o.a.j.t.JMeterThread: Thread started: Teachers and learners 1-760
2026-10-04 20:59:12,103 INFO o.a.j.t.JMeterThread: Thread started: Teachers and learners 1-761
2026-10-04 20:59:12,129 INFO o.a.j.t.JMeterThread: Thread started: Teachers and learners 1-762
2026-10-04 20:59:12,135 INFO o.a.j.t.JMeterThread: Thread is done: Teachers and learners 1-206
2026-10-04 20:59:12,135 INFO o.a.j.t.JMeterThread: Thread finished: Teachers and learners 1-206
2026-10-04 20:59:12,153 INFO o.a.j.t.JMeterThread: Thread is done: Teachers and learners 1-225
2026-10-04 20:59:12,153 INFO o.a.j.t.JMeterThread: Thread finished: Teachers and learners 1-225
2026-10-04 20:59:12,159 INFO o.a.j.t.JMeterThread: Thread started: Teachers and learners 1-763
2026-10-04 20:59:12,191 INFO o.a.j.t.JMeterThread: Thread started: Teachers and learners 1-764
2026-10-04 20:59:12,213 INFO o.a.j.t.JMeterThread: Thread started: Teachers and learners 1-765
2026-10-04 20:59:12,250 INFO o.a.j.t.JMeterThread: Thread started: Teachers and learners 1-766
2026-10-04 20:59:12,272 INFO o.a.j.t.JMeterThread: Thread started: Teachers and learners 1-767
2026-10-04 20:59:12,309 INFO o.a.j.t.JMeterThread: Thread started: Teachers and learners 1-768
2026-10-04 20:59:12,338 INFO o.a.j.t.JMeterThread: Thread started: Teachers and learners 1-769
2026-10-04 20:59:12,366 INFO o.a.j.t.JMeterThread: Thread is done: Teachers and learners 1-172
2026-10-04 20:59:12,366 INFO o.a.j.t.JMeterThread: Thread finished: Teachers and learners 1-172
2026-10-04 20:59:12,369 INFO o.a.j.t.JMeterThread: Thread started: Teachers and learners 1-770
2026-10-04 20:59:12,398 INFO o.a.j.t.JMeterThread: Thread started: Teachers and learners 1-771
2026-10-04 20:59:12,429 INFO o.a.j.t.JMeterThread: Thread started: Teachers and learners 1-772
2026-10-04 20:59:12,459 INFO o.a.j.t.JMeterThread: Thread started: Teachers and learners 1-773
2026-10-04 20:59:12,489 INFO o.a.j.t.JMeterThread: Thread started: Teachers and learners 1-774
2026-10-04 20:59:12,519 INFO o.a.j.t.JMeterThread: Thread started: Teachers and learners 1-775
2026-10-04 20:59:12,549 INFO o.a.j.t.JMeterThread: Thread started: Teachers and learners 1-776
2026-10-04 20:59:12,579 INFO o.a.j.t.JMeterThread: Thread started: Teachers and learners 1-777
2026-10-04 20:59:12,609 INFO o.a.j.t.JMeterThread: Thread started: Teachers and learners 1-778
2026-10-04 20:59:12,614 INFO o.a.j.t.JMeterThread: Thread is done: Teachers and learners 1-218
2026-10-04 20:59:12,614 INFO o.a.j.t.JMeterThread: Thread finished: Teachers and learners 1-218
2026-10-04 20:59:12,624 INFO o.a.j.t.JMeterThread: Thread is done: Teachers and learners 1-219
2026-10-04 20:59:12,624 INFO o.a.j.t.JMeterThread: Thread finished: Teachers and learners 1-219
2026-10-04 20:59:12,639 INFO o.a.j.t.JMeterThread: Thread started: Teachers and learners 1-779
2026-10-04 20:59:12,661 INFO o.a.j.t.JMeterThread: Thread started: Teachers and learners 1-780
2026-10-04 20:59:12,699 INFO o.a.j.t.JMeterThread: Thread started: Teachers and learners 1-781
2026-10-04 20:59:12,724 INFO o.a.j.t.JMeterThread: Thread started: Teachers and learners 1-782
2026-10-04 20:59:12,724 INFO o.a.j.t.JMeterThread: Thread is done: Teachers and learners 1-226
2026-10-04 20:59:12,724 INFO o.a.j.t.JMeterThread: Thread finished: Teachers and learners 1-226
2026-10-04 20:59:12,742 INFO o.a.j.t.JMeterThread: Thread is done: Teachers and learners 1-214
2026-10-04 20:59:12,742 INFO o.a.j.t.JMeterThread: Thread finished: Teachers and learners 1-214
2026-10-04 20:59:12,758 INFO o.a.j.t.JMeterThread: Thread started: Teachers and learners 1-783
2026-10-04 20:59:12,789 INFO o.a.j.t.JMeterThread: Thread started: Teachers and learners 1-784
2026-10-04 20:59:12,817 INFO o.a.j.t.JMeterThread: Thread is done: Teachers and learners 1-208
2026-10-04 20:59:12,817 INFO o.a.j.t.JMeterThread: Thread finished: Teachers and learners 1-208
2026-10-04 20:59:12,818 INFO o.a.j.t.JMeterThread: Thread started: Teachers and learners 1-785
2026-10-04 20:59:12,847 INFO o.a.j.t.JMeterThread: Thread started: Teachers and learners 1-786
2026-10-04 20:59:12,878 INFO o.a.j.t.JMeterThread: Thread started: Teachers and learners 1-787
2026-10-04 20:59:12,907 INFO o.a.j.t.JMeterThread: Thread started: Teachers and learners 1-788
2026-10-04 20:59:12,937 INFO o.a.j.t.JMeterThread: Thread started: Teachers and learners 1-789
2026-10-04 20:59:12,964 INFO o.a.j.t.JMeterThread: Thread started: Teachers and learners 1-790
2026-10-04 20:59:12,989 INFO o.a.j.t.JMeterThread: Thread is done: Teachers and learners 1-220
2026-10-04 20:59:12,989 INFO o.a.j.t.JMeterThread: Thread finished: Teachers and learners 1-220
2026-10-04 20:59:13,000 INFO o.a.j.t.JMeterThread: Thread started: Teachers and learners 1-791
2026-10-04 20:59:13,027 INFO o.a.j.t.JMeterThread: Thread started: Teachers and learners 1-792
2026-10-04 20:59:13,058 INFO o.a.j.t.JMeterThread: Thread started: Teachers and learners 1-793
2026-10-04 20:59:13,087 INFO o.a.j.t.JMeterThread: Thread started: Teachers and learners 1-794
2026-10-04 20:59:13,116 INFO o.a.j.t.JMeterThread: Thread started: Teachers and learners 1-795
2026-10-04 20:59:13,139 INFO o.a.j.t.JMeterThread: Thread is done: Teachers and learners 1-259
2026-10-04 20:59:13,139 INFO o.a.j.t.JMeterThread: Thread finished: Teachers and learners 1-259
2026-10-04 20:59:13,146 INFO o.a.j.t.JMeterThread: Thread started: Teachers and learners 1-796
2026-10-04 20:59:13,176 INFO o.a.j.t.JMeterThread: Thread started: Teachers and learners 1-797
2026-10-04 20:59:13,199 INFO o.a.j.t.JMeterThread: Thread is done: Teachers and learners 1-268
2026-10-04 20:59:13,199 INFO o.a.j.t.JMeterThread: Thread finished: Teachers and learners 1-268
2026-10-04 20:59:13,206 INFO o.a.j.t.JMeterThread: Thread started: Teachers and learners 1-798
2026-10-04 20:59:13,241 INFO o.a.j.t.JMeterThread: Thread started: Teachers and learners 1-799
2026-10-04 20:59:13,265 INFO o.a.j.t.JMeterThread: Thread started: Teachers and learners 1-800
2026-10-04 20:59:13,295 INFO o.a.j.t.JMeterThread: Thread started: Teachers and learners 1-801
2026-10-04 20:59:13,325 INFO o.a.j.t.JMeterThread: Thread started: Teachers and learners 1-802
2026-10-04 20:59:13,329 INFO o.a.j.t.JMeterThread: Thread is done: Teachers and learners 1-213
2026-10-04 20:59:13,329 INFO o.a.j.t.JMeterThread: Thread finished: Teachers and learners 1-213
2026-10-04 20:59:13,345 INFO o.a.j.t.JMeterThread: Thread is done: Teachers and learners 1-221
2026-10-04 20:59:13,345 INFO o.a.j.t.JMeterThread: Thread finished: Teachers and learners 1-221
2026-10-04 20:59:13,352 INFO o.a.j.t.JMeterThread: Thread is done: Teachers and learners 1-222
2026-10-04 20:59:13,352 INFO o.a.j.t.JMeterThread: Thread finished: Teachers and learners 1-222
2026-10-04 20:59:13,355 INFO o.a.j.t.JMeterThread: Thread started: Teachers and learners 1-803
2026-10-04 20:59:13,385 INFO o.a.j.t.JMeterThread: Thread started: Teachers and learners 1-804
2026-10-04 20:59:13,405 INFO o.a.j.t.JMeterThread: Thread is done: Teachers and learners 1-223
2026-10-04 20:59:13,405 INFO o.a.j.t.JMeterThread: Thread finished: Teachers and learners 1-223
2026-10-04 20:59:13,414 INFO o.a.j.t.JMeterThread: Thread started: Teachers and learners 1-805
2026-10-04 20:59:13,444 INFO o.a.j.t.JMeterThread: Thread started: Teachers and learners 1-806
2026-10-04 20:59:13,474 INFO o.a.j.t.JMeterThread: Thread started: Teachers and learners 1-807
2026-10-04 20:59:13,505 INFO o.a.j.t.JMeterThread: Thread started: Teachers and learners 1-808
2026-10-04 20:59:13,536 INFO o.a.j.t.JMeterThread: Thread started: Teachers and learners 1-809
2026-10-04 20:59:13,572 INFO o.a.j.t.JMeterThread: Thread started: Teachers and learners 1-810
2026-10-04 20:59:13,602 INFO o.a.j.t.JMeterThread: Thread started: Teachers and learners 1-811
2026-10-04 20:59:13,604 INFO o.a.j.t.JMeterThread: Thread is done: Teachers and learners 1-231
2026-10-04 20:59:13,604 INFO o.a.j.t.JMeterThread: Thread finished: Teachers and learners 1-231
2026-10-04 20:59:13,626 INFO o.a.j.t.JMeterThread: Thread started: Teachers and learners 1-812
2026-10-04 20:59:13,656 INFO o.a.j.t.JMeterThread: Thread started: Teachers and learners 1-813
2026-10-04 20:59:13,672 INFO o.a.j.t.JMeterThread: Thread is done: Teachers and learners 1-235
2026-10-04 20:59:13,672 INFO o.a.j.t.JMeterThread: Thread finished: Teachers and learners 1-235
2026-10-04 20:59:13,686 INFO o.a.j.t.JMeterThread: Thread started: Teachers and learners 1-814
2026-10-04 20:59:13,712 INFO o.a.j.t.JMeterThread: Thread started: Teachers and learners 1-815
2026-10-04 20:59:13,742 INFO o.a.j.t.JMeterThread: Thread started: Teachers and learners 1-816
2026-10-04 20:59:13,777 INFO o.a.j.t.JMeterThread: Thread started: Teachers and learners 1-817
2026-10-04 20:59:13,807 INFO o.a.j.t.JMeterThread: Thread started: Teachers and learners 1-818
2026-10-04 20:59:13,843 INFO o.a.j.t.JMeterThread: Thread started: Teachers and learners 1-819
2026-10-04 20:59:13,865 INFO o.a.j.t.JMeterThread: Thread started: Teachers and learners 1-820
2026-10-04 20:59:13,911 INFO o.a.j.t.JMeterThread: Thread started: Teachers and learners 1-821
2026-10-04 20:59:13,921 INFO o.a.j.t.JMeterThread: Thread started: Teachers and learners 1-822
2026-10-04 20:59:13,956 INFO o.a.j.t.JMeterThread: Thread started: Teachers and learners 1-823
2026-10-04 20:59:13,994 INFO o.a.j.t.JMeterThread: Thread started: Teachers and learners 1-824
2026-10-04 20:59:14,017 INFO o.a.j.t.JMeterThread: Thread started: Teachers and learners 1-825
2026-10-04 20:59:14,040 INFO o.a.j.t.JMeterThread: Thread is done: Teachers and learners 1-232
2026-10-04 20:59:14,040 INFO o.a.j.t.JMeterThread: Thread finished: Teachers and learners 1-232
2026-10-04 20:59:14,048 INFO o.a.j.t.JMeterThread: Thread started: Teachers and learners 1-826
2026-10-04 20:59:14,077 INFO o.a.j.t.JMeterThread: Thread started: Teachers and learners 1-827
2026-10-04 20:59:14,119 INFO o.a.j.t.JMeterThread: Thread started: Teachers and learners 1-828
2026-10-04 20:59:14,135 INFO o.a.j.t.JMeterThread: Thread started: Teachers and learners 1-829
2026-10-04 20:59:14,167 INFO o.a.j.t.JMeterThread: Thread is done: Teachers and learners 1-233
2026-10-04 20:59:14,167 INFO o.a.j.t.JMeterThread: Thread finished: Teachers and learners 1-233
2026-10-04 20:59:14,179 INFO o.a.j.t.JMeterThread: Thread started: Teachers and learners 1-830
2026-10-04 20:59:14,203 INFO o.a.j.t.JMeterThread: Thread started: Teachers and learners 1-831
2026-10-04 20:59:14,226 INFO o.a.j.t.JMeterThread: Thread started: Teachers and learners 1-832
2026-10-04 20:59:14,242 INFO o.a.j.t.JMeterThread: Thread is done: Teachers and learners 1-254
2026-10-04 20:59:14,242 INFO o.a.j.t.JMeterThread: Thread finished: Teachers and learners 1-254
2026-10-04 20:59:14,255 INFO o.a.j.t.JMeterThread: Thread is done: Teachers and learners 1-237
2026-10-04 20:59:14,255 INFO o.a.j.t.JMeterThread: Thread finished: Teachers and learners 1-237
2026-10-04 20:59:14,257 INFO o.a.j.t.JMeterThread: Thread started: Teachers and learners 1-833
2026-10-04 20:59:14,299 INFO o.a.j.t.JMeterThread: Thread started: Teachers and learners 1-834
2026-10-04 20:59:14,318 INFO o.a.j.t.JMeterThread: Thread started: Teachers and learners 1-835
2026-10-04 20:59:14,323 INFO o.a.j.t.JMeterThread: Thread is done: Teachers and learners 1-255
2026-10-04 20:59:14,323 INFO o.a.j.t.JMeterThread: Thread finished: Teachers and learners 1-255
2026-10-04 20:59:14,348 INFO o.a.j.t.JMeterThread: Thread is done: Teachers and learners 1-247
2026-10-04 20:59:14,348 INFO o.a.j.t.JMeterThread: Thread finished: Teachers and learners 1-247
2026-10-04 20:59:14,348 INFO o.a.j.t.JMeterThread: Thread started: Teachers and learners 1-836
2026-10-04 20:59:14,376 INFO o.a.j.t.JMeterThread: Thread is done: Teachers and learners 1-242
2026-10-04 20:59:14,376 INFO o.a.j.t.JMeterThread: Thread finished: Teachers and learners 1-242
2026-10-04 20:59:14,378 INFO o.a.j.t.JMeterThread: Thread started: Teachers and learners 1-837
2026-10-04 20:59:14,407 INFO o.a.j.t.JMeterThread: Thread started: Teachers and learners 1-838
2026-10-04 20:59:14,438 INFO o.a.j.t.JMeterThread: Thread started: Teachers and learners 1-839
2026-10-04 20:59:14,463 INFO o.a.j.t.JMeterThread: Thread started: Teachers and learners 1-840
2026-10-04 20:59:14,498 INFO o.a.j.t.JMeterThread: Thread started: Teachers and learners 1-841
2026-10-04 20:59:14,508 INFO o.a.j.t.JMeterThread: Thread is done: Teachers and learners 1-250
2026-10-04 20:59:14,508 INFO o.a.j.t.JMeterThread: Thread finished: Teachers and learners 1-250
2026-10-04 20:59:14,529 INFO o.a.j.t.JMeterThread: Thread started: Teachers and learners 1-842
2026-10-04 20:59:14,559 INFO o.a.j.t.JMeterThread: Thread started: Teachers and learners 1-843
2026-10-04 20:59:14,571 INFO o.a.j.t.JMeterThread: Thread is done: Teachers and learners 1-244
2026-10-04 20:59:14,571 INFO o.a.j.t.JMeterThread: Thread finished: Teachers and learners 1-244
2026-10-04 20:59:14,589 INFO o.a.j.t.JMeterThread: Thread started: Teachers and learners 1-844
2026-10-04 20:59:14,604 INFO o.a.j.t.JMeterThread: Thread is done: Teachers and learners 1-252
2026-10-04 20:59:14,604 INFO o.a.j.t.JMeterThread: Thread finished: Teachers and learners 1-252
2026-10-04 20:59:14,612 INFO o.a.j.t.JMeterThread: Thread started: Teachers and learners 1-845
2026-10-04 20:59:14,619 INFO o.a.j.t.JMeterThread: Thread is done: Teachers and learners 1-236
2026-10-04 20:59:14,619 INFO o.a.j.t.JMeterThread: Thread finished: Teachers and learners 1-236
2026-10-04 20:59:14,642 INFO o.a.j.t.JMeterThread: Thread started: Teachers and learners 1-846
2026-10-04 20:59:14,677 INFO o.a.j.t.JMeterThread: Thread started: Teachers and learners 1-847
2026-10-04 20:59:14,713 INFO o.a.j.t.JMeterThread: Thread started: Teachers and learners 1-848
2026-10-04 20:59:14,730 INFO o.a.j.t.JMeterThread: Thread is done: Teachers and learners 1-271
2026-10-04 20:59:14,730 INFO o.a.j.t.JMeterThread: Thread finished: Teachers and learners 1-271
2026-10-04 20:59:14,737 INFO o.a.j.t.JMeterThread: Thread started: Teachers and learners 1-849
2026-10-04 20:59:14,767 INFO o.a.j.t.JMeterThread: Thread started: Teachers and learners 1-850
2026-10-04 20:59:14,776 INFO o.a.j.t.JMeterThread: Thread is done: Teachers and learners 1-230
2026-10-04 20:59:14,776 INFO o.a.j.t.JMeterThread: Thread finished: Teachers and learners 1-230
2026-10-04 20:59:14,798 INFO o.a.j.t.JMeterThread: Thread started: Teachers and learners 1-851
2026-10-04 20:59:14,829 INFO o.a.j.t.JMeterThread: Thread started: Teachers and learners 1-852
2026-10-04 20:59:14,860 INFO o.a.j.t.JMeterThread: Thread started: Teachers and learners 1-853
2026-10-04 20:59:14,894 INFO o.a.j.t.JMeterThread: Thread started: Teachers and learners 1-854
2026-10-04 20:59:14,912 INFO o.a.j.t.JMeterThread: Thread started: Teachers and learners 1-855
2026-10-04 20:59:14,930 INFO o.a.j.t.JMeterThread: Thread is done: Teachers and learners 1-234
2026-10-04 20:59:14,930 INFO o.a.j.t.JMeterThread: Thread finished: Teachers and learners 1-234
2026-10-04 20:59:14,942 INFO o.a.j.t.JMeterThread: Thread started: Teachers and learners 1-856
2026-10-04 20:59:14,973 INFO o.a.j.t.JMeterThread: Thread is done: Teachers and learners 1-253
2026-10-04 20:59:14,973 INFO o.a.j.t.JMeterThread: Thread finished: Teachers and learners 1-253
2026-10-04 20:59:14,979 INFO o.a.j.t.JMeterThread: Thread started: Teachers and learners 1-857
2026-10-04 20:59:14,988 INFO o.a.j.t.JMeterThread: Thread is done: Teachers and learners 1-238
2026-10-04 20:59:14,988 INFO o.a.j.t.JMeterThread: Thread finished: Teachers and learners 1-238
2026-10-04 20:59:15,009 INFO o.a.j.t.JMeterThread: Thread started: Teachers and learners 1-858
2026-10-04 20:59:15,039 INFO o.a.j.t.JMeterThread: Thread started: Teachers and learners 1-859
2026-10-04 20:59:15,069 INFO o.a.j.t.JMeterThread: Thread started: Teachers and learners 1-860
2026-10-04 20:59:15,082 INFO o.a.j.t.JMeterThread: Thread is done: Teachers and learners 1-248
2026-10-04 20:59:15,082 INFO o.a.j.t.JMeterThread: Thread finished: Teachers and learners 1-248
2026-10-04 20:59:15,099 INFO o.a.j.t.JMeterThread: Thread started: Teachers and learners 1-861
2026-10-04 20:59:15,129 INFO o.a.j.t.JMeterThread: Thread started: Teachers and learners 1-862
2026-10-04 20:59:15,152 INFO o.a.j.t.JMeterThread: Thread started: Teachers and learners 1-863
2026-10-04 20:59:15,190 INFO o.a.j.t.JMeterThread: Thread started: Teachers and learners 1-864
2026-10-04 20:59:15,199 INFO o.a.j.t.JMeterThread: Thread is done: Teachers and learners 1-261
2026-10-04 20:59:15,199 INFO o.a.j.t.JMeterThread: Thread finished: Teachers and learners 1-261
2026-10-04 20:59:15,208 INFO o.a.j.t.JMeterThread: Thread is done: Teachers and learners 1-262
2026-10-04 20:59:15,208 INFO o.a.j.t.JMeterThread: Thread finished: Teachers and learners 1-262
2026-10-04 20:59:15,214 INFO o.a.j.t.JMeterThread: Thread is done: Teachers and learners 1-240
2026-10-04 20:59:15,218 INFO o.a.j.t.JMeterThread: Thread started: Teachers and learners 1-865
2026-10-04 20:59:15,219 INFO o.a.j.t.JMeterThread: Thread finished: Teachers and learners 1-240
2026-10-04 20:59:15,241 INFO o.a.j.t.JMeterThread: Thread started: Teachers and learners 1-866
2026-10-04 20:59:15,242 INFO o.a.j.t.JMeterThread: Thread is done: Teachers and learners 1-249
2026-10-04 20:59:15,242 INFO o.a.j.t.JMeterThread: Thread finished: Teachers and learners 1-249
2026-10-04 20:59:15,279 INFO o.a.j.t.JMeterThread: Thread started: Teachers and learners 1-867
2026-10-04 20:59:15,309 INFO o.a.j.t.JMeterThread: Thread started: Teachers and learners 1-868
2026-10-04 20:59:15,331 INFO o.a.j.t.JMeterThread: Thread started: Teachers and learners 1-869
2026-10-04 20:59:15,373 INFO o.a.j.t.JMeterThread: Thread started: Teachers and learners 1-870
2026-10-04 20:59:15,403 INFO o.a.j.t.JMeterThread: Thread started: Teachers and learners 1-871
2026-10-04 20:59:15,420 INFO o.a.j.t.JMeterThread: Thread is done: Teachers and learners 1-239
2026-10-04 20:59:15,420 INFO o.a.j.t.JMeterThread: Thread finished: Teachers and learners 1-239
2026-10-04 20:59:15,429 INFO o.a.j.t.JMeterThread: Thread started: Teachers and learners 1-872
2026-10-04 20:59:15,459 INFO o.a.j.t.JMeterThread: Thread started: Teachers and learners 1-873
2026-10-04 20:59:15,465 INFO o.a.j.t.JMeterThread: Thread is done: Teachers and learners 1-246
2026-10-04 20:59:15,465 INFO o.a.j.t.JMeterThread: Thread finished: Teachers and learners 1-246
2026-10-04 20:59:15,489 INFO o.a.j.t.JMeterThread: Thread started: Teachers and learners 1-874
2026-10-04 20:59:15,511 INFO o.a.j.t.JMeterThread: Thread is done: Teachers and learners 1-256
2026-10-04 20:59:15,511 INFO o.a.j.t.JMeterThread: Thread finished: Teachers and learners 1-256
2026-10-04 20:59:15,523 INFO o.a.j.t.JMeterThread: Thread started: Teachers and learners 1-875
2026-10-04 20:59:15,553 INFO o.a.j.t.JMeterThread: Thread started: Teachers and learners 1-876
2026-10-04 20:59:15,577 INFO o.a.j.t.JMeterThread: Thread is done: Teachers and learners 1-270
2026-10-04 20:59:15,577 INFO o.a.j.t.JMeterThread: Thread finished: Teachers and learners 1-270
2026-10-04 20:59:15,579 INFO o.a.j.t.JMeterThread: Thread started: Teachers and learners 1-877
2026-10-04 20:59:15,584 INFO o.a.j.t.JMeterThread: Thread is done: Teachers and learners 1-224
2026-10-04 20:59:15,584 INFO o.a.j.t.JMeterThread: Thread finished: Teachers and learners 1-224
2026-10-04 20:59:15,604 INFO o.a.j.t.JMeterThread: Thread started: Teachers and learners 1-878
2026-10-04 20:59:15,635 INFO o.a.j.t.JMeterThread: Thread is done: Teachers and learners 1-264
2026-10-04 20:59:15,635 INFO o.a.j.t.JMeterThread: Thread finished: Teachers and learners 1-264
2026-10-04 20:59:15,640 INFO o.a.j.t.JMeterThread: Thread started: Teachers and learners 1-879
2026-10-04 20:59:15,669 INFO o.a.j.t.JMeterThread: Thread started: Teachers and learners 1-880
2026-10-04 20:59:15,698 INFO o.a.j.t.JMeterThread: Thread started: Teachers and learners 1-881
2026-10-04 20:59:15,728 INFO o.a.j.t.JMeterThread: Thread started: Teachers and learners 1-882
2026-10-04 20:59:15,758 INFO o.a.j.t.JMeterThread: Thread started: Teachers and learners 1-883
2026-10-04 20:59:15,782 INFO o.a.j.t.JMeterThread: Thread started: Teachers and learners 1-884
2026-10-04 20:59:15,818 INFO o.a.j.t.JMeterThread: Thread started: Teachers and learners 1-885
2026-10-04 20:59:15,853 INFO o.a.j.t.JMeterThread: Thread started: Teachers and learners 1-886
2026-10-04 20:59:15,878 INFO o.a.j.t.JMeterThread: Thread started: Teachers and learners 1-887
2026-10-04 20:59:15,907 INFO o.a.j.t.JMeterThread: Thread started: Teachers and learners 1-888
2026-10-04 20:59:15,943 INFO o.a.j.t.JMeterThread: Thread started: Teachers and learners 1-889
2026-10-04 20:59:15,967 INFO o.a.j.t.JMeterThread: Thread started: Teachers and learners 1-890
2026-10-04 20:59:15,998 INFO o.a.j.t.JMeterThread: Thread started: Teachers and learners 1-891
2026-10-04 20:59:16,028 INFO o.a.j.t.JMeterThread: Thread started: Teachers and learners 1-892
2026-10-04 20:59:16,058 INFO o.a.j.t.JMeterThread: Thread started: Teachers and learners 1-893
2026-10-04 20:59:16,084 INFO o.a.j.t.JMeterThread: Thread is done: Teachers and learners 1-274
2026-10-04 20:59:16,084 INFO o.a.j.t.JMeterThread: Thread finished: Teachers and learners 1-274
2026-10-04 20:59:16,087 INFO o.a.j.t.JMeterThread: Thread started: Teachers and learners 1-894
2026-10-04 20:59:16,118 INFO o.a.j.t.JMeterThread: Thread is done: Teachers and learners 1-245
2026-10-04 20:59:16,118 INFO o.a.j.t.JMeterThread: Thread finished: Teachers and learners 1-245
2026-10-04 20:59:16,122 INFO o.a.j.t.JMeterThread: Thread started: Teachers and learners 1-895
2026-10-04 20:59:16,148 INFO o.a.j.t.JMeterThread: Thread started: Teachers and learners 1-896
2026-10-04 20:59:16,178 INFO o.a.j.t.JMeterThread: Thread started: Teachers and learners 1-897
2026-10-04 20:59:16,208 INFO o.a.j.t.JMeterThread: Thread started: Teachers and learners 1-898
2026-10-04 20:59:16,208 INFO o.a.j.t.JMeterThread: Thread is done: Teachers and learners 1-241
2026-10-04 20:59:16,208 INFO o.a.j.t.JMeterThread: Thread finished: Teachers and learners 1-241
2026-10-04 20:59:16,238 INFO o.a.j.t.JMeterThread: Thread started: Teachers and learners 1-899
2026-10-04 20:59:16,261 INFO o.a.j.t.JMeterThread: Thread started: Teachers and learners 1-900
2026-10-04 20:59:16,265 INFO o.a.j.t.JMeterThread: Thread is done: Teachers and learners 1-251
2026-10-04 20:59:16,265 INFO o.a.j.t.JMeterThread: Thread finished: Teachers and learners 1-251
2026-10-04 20:59:16,298 INFO o.a.j.t.JMeterThread: Thread started: Teachers and learners 1-901
2026-10-04 20:59:16,322 INFO o.a.j.t.JMeterThread: Thread started: Teachers and learners 1-902
2026-10-04 20:59:16,358 INFO o.a.j.t.JMeterThread: Thread started: Teachers and learners 1-903
2026-10-04 20:59:16,388 INFO o.a.j.t.JMeterThread: Thread started: Teachers and learners 1-904
2026-10-04 20:59:16,392 INFO o.a.j.t.JMeterThread: Thread is done: Teachers and learners 1-257
2026-10-04 20:59:16,392 INFO o.a.j.t.JMeterThread: Thread finished: Teachers and learners 1-257
2026-10-04 20:59:16,418 INFO o.a.j.t.JMeterThread: Thread started: Teachers and learners 1-905
2026-10-04 20:59:16,447 INFO o.a.j.t.JMeterThread: Thread started: Teachers and learners 1-906
2026-10-04 20:59:16,478 INFO o.a.j.t.JMeterThread: Thread started: Teachers and learners 1-907
2026-10-04 20:59:16,507 INFO o.a.j.t.JMeterThread: Thread started: Teachers and learners 1-908
2026-10-04 20:59:16,533 INFO o.a.j.t.JMeterThread: Thread started: Teachers and learners 1-909
2026-10-04 20:59:16,562 INFO o.a.j.t.JMeterThread: Thread started: Teachers and learners 1-910
2026-10-04 20:59:16,597 INFO o.a.j.t.JMeterThread: Thread started: Teachers and learners 1-911
2026-10-04 20:59:16,627 INFO o.a.j.t.JMeterThread: Thread started: Teachers and learners 1-912
2026-10-04 20:59:16,656 INFO o.a.j.t.JMeterThread: Thread started: Teachers and learners 1-913
2026-10-04 20:59:16,688 INFO o.a.j.t.JMeterThread: Thread started: Teachers and learners 1-914
2026-10-04 20:59:16,721 INFO o.a.j.t.JMeterThread: Thread started: Teachers and learners 1-915
2026-10-04 20:59:16,746 INFO o.a.j.t.JMeterThread: Thread started: Teachers and learners 1-916
2026-10-04 20:59:16,776 INFO o.a.j.t.JMeterThread: Thread started: Teachers and learners 1-917
2026-10-04 20:59:16,807 INFO o.a.j.t.JMeterThread: Thread started: Teachers and learners 1-918
2026-10-04 20:59:16,832 INFO o.a.j.t.JMeterThread: Thread started: Teachers and learners 1-919
2026-10-04 20:59:16,861 INFO o.a.j.t.JMeterThread: Thread is done: Teachers and learners 1-282
2026-10-04 20:59:16,861 INFO o.a.j.t.JMeterThread: Thread started: Teachers and learners 1-920
2026-10-04 20:59:16,861 INFO o.a.j.t.JMeterThread: Thread finished: Teachers and learners 1-282
2026-10-04 20:59:16,876 INFO o.a.j.t.JMeterThread: Thread is done: Teachers and learners 1-272
2026-10-04 20:59:16,876 INFO o.a.j.t.JMeterThread: Thread finished: Teachers and learners 1-272
2026-10-04 20:59:16,885 INFO o.a.j.t.JMeterThread: Thread is done: Teachers and learners 1-265
2026-10-04 20:59:16,885 INFO o.a.j.t.JMeterThread: Thread finished: Teachers and learners 1-265
2026-10-04 20:59:16,897 INFO o.a.j.t.JMeterThread: Thread started: Teachers and learners 1-921
2026-10-04 20:59:16,921 INFO o.a.j.t.JMeterThread: Thread started: Teachers and learners 1-922
2026-10-04 20:59:16,927 INFO o.a.j.t.JMeterThread: Thread is done: Teachers and learners 1-281
2026-10-04 20:59:16,927 INFO o.a.j.t.JMeterThread: Thread finished: Teachers and learners 1-281
2026-10-04 20:59:16,944 INFO o.a.j.t.JMeterThread: Thread is done: Teachers and learners 1-263
2026-10-04 20:59:16,944 INFO o.a.j.t.JMeterThread: Thread finished: Teachers and learners 1-263
2026-10-04 20:59:16,956 INFO o.a.j.t.JMeterThread: Thread started: Teachers and learners 1-923
2026-10-04 20:59:16,989 INFO o.a.j.t.JMeterThread: Thread started: Teachers and learners 1-924
2026-10-04 20:59:17,020 INFO o.a.j.t.JMeterThread: Thread started: Teachers and learners 1-925
2026-10-04 20:59:17,039 INFO o.a.j.t.JMeterThread: Thread is done: Teachers and learners 1-269
2026-10-04 20:59:17,039 INFO o.a.j.t.JMeterThread: Thread finished: Teachers and learners 1-269
2026-10-04 20:59:17,046 INFO o.a.j.t.JMeterThread: Thread started: Teachers and learners 1-926
2026-10-04 20:59:17,071 INFO o.a.j.t.JMeterThread: Thread started: Teachers and learners 1-927
2026-10-04 20:59:17,107 INFO o.a.j.t.JMeterThread: Thread started: Teachers and learners 1-928
2026-10-04 20:59:17,137 INFO o.a.j.t.JMeterThread: Thread started: Teachers and learners 1-929
2026-10-04 20:59:17,162 INFO o.a.j.t.JMeterThread: Thread started: Teachers and learners 1-930
2026-10-04 20:59:17,196 INFO o.a.j.t.JMeterThread: Thread started: Teachers and learners 1-931
2026-10-04 20:59:17,221 INFO o.a.j.t.JMeterThread: Thread started: Teachers and learners 1-932
2026-10-04 20:59:17,251 INFO o.a.j.t.JMeterThread: Thread started: Teachers and learners 1-933
2026-10-04 20:59:17,279 INFO o.a.j.t.JMeterThread: Thread is done: Teachers and learners 1-285
2026-10-04 20:59:17,279 INFO o.a.j.t.JMeterThread: Thread finished: Teachers and learners 1-285
2026-10-04 20:59:17,286 INFO o.a.j.t.JMeterThread: Thread started: Teachers and learners 1-934
2026-10-04 20:59:17,311 INFO o.a.j.t.JMeterThread: Thread started: Teachers and learners 1-935
2026-10-04 20:59:17,340 INFO o.a.j.t.JMeterThread: Thread is done: Teachers and learners 1-284
2026-10-04 20:59:17,340 INFO o.a.j.t.JMeterThread: Thread finished: Teachers and learners 1-284
2026-10-04 20:59:17,346 INFO o.a.j.t.JMeterThread: Thread started: Teachers and learners 1-936
2026-10-04 20:59:17,376 INFO o.a.j.t.JMeterThread: Thread started: Teachers and learners 1-937
2026-10-04 20:59:17,407 INFO o.a.j.t.JMeterThread: Thread started: Teachers and learners 1-938
2026-10-04 20:59:17,431 INFO o.a.j.t.JMeterThread: Thread started: Teachers and learners 1-939
2026-10-04 20:59:17,462 INFO o.a.j.t.JMeterThread: Thread started: Teachers and learners 1-940
2026-10-04 20:59:17,484 INFO o.a.j.t.JMeterThread: Thread is done: Teachers and learners 1-260
2026-10-04 20:59:17,484 INFO o.a.j.t.JMeterThread: Thread finished: Teachers and learners 1-260
2026-10-04 20:59:17,495 INFO o.a.j.t.JMeterThread: Thread started: Teachers and learners 1-941
2026-10-04 20:59:17,526 INFO o.a.j.t.JMeterThread: Thread started: Teachers and learners 1-942
2026-10-04 20:59:17,556 INFO o.a.j.t.JMeterThread: Thread started: Teachers and learners 1-943
2026-10-04 20:59:17,585 INFO o.a.j.t.JMeterThread: Thread started: Teachers and learners 1-944
2026-10-04 20:59:17,615 INFO o.a.j.t.JMeterThread: Thread started: Teachers and learners 1-945
2026-10-04 20:59:17,617 INFO o.a.j.t.JMeterThread: Thread is done: Teachers and learners 1-299
2026-10-04 20:59:17,617 INFO o.a.j.t.JMeterThread: Thread finished: Teachers and learners 1-299
2026-10-04 20:59:17,646 INFO o.a.j.t.JMeterThread: Thread started: Teachers and learners 1-946
2026-10-04 20:59:17,661 INFO o.a.j.t.JMeterThread: Thread is done: Teachers and learners 1-279
2026-10-04 20:59:17,661 INFO o.a.j.t.JMeterThread: Thread finished: Teachers and learners 1-279
2026-10-04 20:59:17,676 INFO o.a.j.t.JMeterThread: Thread started: Teachers and learners 1-947
2026-10-04 20:59:17,707 INFO o.a.j.t.JMeterThread: Thread started: Teachers and learners 1-948
2026-10-04 20:59:17,736 INFO o.a.j.t.JMeterThread: Thread started: Teachers and learners 1-949
2026-10-04 20:59:17,766 INFO o.a.j.t.JMeterThread: Thread started: Teachers and learners 1-950
2026-10-04 20:59:17,793 INFO o.a.j.t.JMeterThread: Thread is done: Teachers and learners 1-276
2026-10-04 20:59:17,794 INFO o.a.j.t.JMeterThread: Thread finished: Teachers and learners 1-276
2026-10-04 20:59:17,795 INFO o.a.j.t.JMeterThread: Thread started: Teachers and learners 1-951
2026-10-04 20:59:17,811 INFO o.a.j.t.JMeterThread: Thread is done: Teachers and learners 1-273
2026-10-04 20:59:17,811 INFO o.a.j.t.JMeterThread: Thread finished: Teachers and learners 1-273
2026-10-04 20:59:17,821 INFO o.a.j.t.JMeterThread: Thread started: Teachers and learners 1-952
2026-10-04 20:59:17,855 INFO o.a.j.t.JMeterThread: Thread started: Teachers and learners 1-953
2026-10-04 20:59:17,885 INFO o.a.j.t.JMeterThread: Thread started: Teachers and learners 1-954
2026-10-04 20:59:17,915 INFO o.a.j.t.JMeterThread: Thread started: Teachers and learners 1-955
2026-10-04 20:59:17,945 INFO o.a.j.t.JMeterThread: Thread started: Teachers and learners 1-956
2026-10-04 20:59:17,967 INFO o.a.j.t.JMeterThread: Thread is done: Teachers and learners 1-287
2026-10-04 20:59:17,967 INFO o.a.j.t.JMeterThread: Thread finished: Teachers and learners 1-287
2026-10-04 20:59:17,975 INFO o.a.j.t.JMeterThread: Thread started: Teachers and learners 1-957
2026-10-04 20:59:17,982 INFO o.a.j.t.JMeterThread: Thread is done: Teachers and learners 1-290
2026-10-04 20:59:17,982 INFO o.a.j.t.JMeterThread: Thread finished: Teachers and learners 1-290
2026-10-04 20:59:18,004 INFO o.a.j.t.JMeterThread: Thread started: Teachers and learners 1-958
2026-10-04 20:59:18,022 INFO o.a.j.t.JMeterThread: Thread is done: Teachers and learners 1-309
2026-10-04 20:59:18,022 INFO o.a.j.t.JMeterThread: Thread finished: Teachers and learners 1-309
2026-10-04 20:59:18,035 INFO o.a.j.t.JMeterThread: Thread started: Teachers and learners 1-959
2026-10-04 20:59:18,061 INFO o.a.j.t.JMeterThread: Thread started: Teachers and learners 1-960
2026-10-04 20:59:18,095 INFO o.a.j.t.JMeterThread: Thread started: Teachers and learners 1-961
2026-10-04 20:59:18,125 INFO o.a.j.t.JMeterThread: Thread started: Teachers and learners 1-962
2026-10-04 20:59:18,157 INFO o.a.j.t.JMeterThread: Thread started: Teachers and learners 1-963
2026-10-04 20:59:18,184 INFO o.a.j.t.JMeterThread: Thread started: Teachers and learners 1-964
2026-10-04 20:59:18,212 INFO o.a.j.t.JMeterThread: Thread started: Teachers and learners 1-965
2026-10-04 20:59:18,246 INFO o.a.j.t.JMeterThread: Thread started: Teachers and learners 1-966
2026-10-04 20:59:18,275 INFO o.a.j.t.JMeterThread: Thread started: Teachers and learners 1-967
2026-10-04 20:59:18,293 INFO o.a.j.t.JMeterThread: Thread is done: Teachers and learners 1-267
2026-10-04 20:59:18,293 INFO o.a.j.t.JMeterThread: Thread finished: Teachers and learners 1-267
2026-10-04 20:59:18,302 INFO o.a.j.t.JMeterThread: Thread started: Teachers and learners 1-968
2026-10-04 20:59:18,333 INFO o.a.j.t.JMeterThread: Thread started: Teachers and learners 1-969
2026-10-04 20:59:18,360 INFO o.a.j.t.JMeterThread: Thread is done: Teachers and learners 1-277
2026-10-04 20:59:18,360 INFO o.a.j.t.JMeterThread: Thread finished: Teachers and learners 1-277
2026-10-04 20:59:18,365 INFO o.a.j.t.JMeterThread: Thread started: Teachers and learners 1-970
2026-10-04 20:59:18,377 INFO o.a.j.t.JMeterThread: Thread is done: Teachers and learners 1-293
2026-10-04 20:59:18,377 INFO o.a.j.t.JMeterThread: Thread finished: Teachers and learners 1-293
2026-10-04 20:59:18,394 INFO o.a.j.t.JMeterThread: Thread started: Teachers and learners 1-971
2026-10-04 20:59:18,424 INFO o.a.j.t.JMeterThread: Thread started: Teachers and learners 1-972
2026-10-04 20:59:18,454 INFO o.a.j.t.JMeterThread: Thread started: Teachers and learners 1-973
2026-10-04 20:59:18,482 INFO o.a.j.t.JMeterThread: Thread started: Teachers and learners 1-974
2026-10-04 20:59:18,513 INFO o.a.j.t.JMeterThread: Thread started: Teachers and learners 1-975
2026-10-04 20:59:18,543 INFO o.a.j.t.JMeterThread: Thread started: Teachers and learners 1-976
2026-10-04 20:59:18,552 INFO o.a.j.t.JMeterThread: Thread is done: Teachers and learners 1-275
2026-10-04 20:59:18,552 INFO o.a.j.t.JMeterThread: Thread finished: Teachers and learners 1-275
2026-10-04 20:59:18,571 INFO o.a.j.t.JMeterThread: Thread started: Teachers and learners 1-977
2026-10-04 20:59:18,603 INFO o.a.j.t.JMeterThread: Thread started: Teachers and learners 1-978
2026-10-04 20:59:18,633 INFO o.a.j.t.JMeterThread: Thread started: Teachers and learners 1-979
2026-10-04 20:59:18,638 INFO o.a.j.t.JMeterThread: Thread is done: Teachers and learners 1-289
2026-10-04 20:59:18,638 INFO o.a.j.t.JMeterThread: Thread finished: Teachers and learners 1-289
2026-10-04 20:59:18,664 INFO o.a.j.t.JMeterThread: Thread started: Teachers and learners 1-980
2026-10-04 20:59:18,694 INFO o.a.j.t.JMeterThread: Thread started: Teachers and learners 1-981
2026-10-04 20:59:18,702 INFO o.a.j.t.JMeterThread: Thread is done: Teachers and learners 1-258
2026-10-04 20:59:18,702 INFO o.a.j.t.JMeterThread: Thread finished: Teachers and learners 1-258
2026-10-04 20:59:18,723 INFO o.a.j.t.JMeterThread: Thread started: Teachers and learners 1-982
2026-10-04 20:59:18,753 INFO o.a.j.t.JMeterThread: Thread started: Teachers and learners 1-983
2026-10-04 20:59:18,782 INFO o.a.j.t.JMeterThread: Thread started: Teachers and learners 1-984
2026-10-04 20:59:18,790 INFO o.a.j.t.JMeterThread: Thread is done: Teachers and learners 1-295
2026-10-04 20:59:18,790 INFO o.a.j.t.JMeterThread: Thread finished: Teachers and learners 1-295
2026-10-04 20:59:18,799 INFO o.a.j.t.JMeterThread: Thread is done: Teachers and learners 1-296
2026-10-04 20:59:18,799 INFO o.a.j.t.JMeterThread: Thread finished: Teachers and learners 1-296
2026-10-04 20:59:18,806 INFO o.a.j.t.JMeterThread: Thread is done: Teachers and learners 1-308
2026-10-04 20:59:18,806 INFO o.a.j.t.JMeterThread: Thread finished: Teachers and learners 1-308
2026-10-04 20:59:18,812 INFO o.a.j.t.JMeterThread: Thread started: Teachers and learners 1-985
2026-10-04 20:59:18,812 INFO o.a.j.t.JMeterThread: Thread is done: Teachers and learners 1-305
2026-10-04 20:59:18,812 INFO o.a.j.t.JMeterThread: Thread finished: Teachers and learners 1-305
2026-10-04 20:59:18,821 INFO o.a.j.t.JMeterThread: Thread is done: Teachers and learners 1-286
2026-10-04 20:59:18,822 INFO o.a.j.t.JMeterThread: Thread finished: Teachers and learners 1-286
2026-10-04 20:59:18,827 INFO o.a.j.t.JMeterThread: Thread is done: Teachers and learners 1-288
2026-10-04 20:59:18,828 INFO o.a.j.t.JMeterThread: Thread finished: Teachers and learners 1-288
2026-10-04 20:59:18,842 INFO o.a.j.t.JMeterThread: Thread started: Teachers and learners 1-986
2026-10-04 20:59:18,873 INFO o.a.j.t.JMeterThread: Thread started: Teachers and learners 1-987
2026-10-04 20:59:18,903 INFO o.a.j.t.JMeterThread: Thread started: Teachers and learners 1-988
2026-10-04 20:59:18,933 INFO o.a.j.t.JMeterThread: Thread started: Teachers and learners 1-989
2026-10-04 20:59:18,963 INFO o.a.j.t.JMeterThread: Thread started: Teachers and learners 1-990
2026-10-04 20:59:18,991 INFO o.a.j.t.JMeterThread: Thread started: Teachers and learners 1-991
2026-10-04 20:59:19,023 INFO o.a.j.t.JMeterThread: Thread started: Teachers and learners 1-992
2026-10-04 20:59:19,054 INFO o.a.j.t.JMeterThread: Thread started: Teachers and learners 1-993
2026-10-04 20:59:19,075 INFO o.a.j.t.JMeterThread: Thread is done: Teachers and learners 1-291
2026-10-04 20:59:19,075 INFO o.a.j.t.JMeterThread: Thread finished: Teachers and learners 1-291
2026-10-04 20:59:19,083 INFO o.a.j.t.JMeterThread: Thread started: Teachers and learners 1-994
2026-10-04 20:59:19,113 INFO o.a.j.t.JMeterThread: Thread started: Teachers and learners 1-995
2026-10-04 20:59:19,137 INFO o.a.j.t.JMeterThread: Thread is done: Teachers and learners 1-243
2026-10-04 20:59:19,137 INFO o.a.j.t.JMeterThread: Thread finished: Teachers and learners 1-243
2026-10-04 20:59:19,143 INFO o.a.j.t.JMeterThread: Thread started: Teachers and learners 1-996
2026-10-04 20:59:19,173 INFO o.a.j.t.JMeterThread: Thread started: Teachers and learners 1-997
2026-10-04 20:59:19,203 INFO o.a.j.t.JMeterThread: Thread started: Teachers and learners 1-998
2026-10-04 20:59:19,232 INFO o.a.j.t.JMeterThread: Thread started: Teachers and learners 1-999
2026-10-04 20:59:19,262 INFO o.a.j.t.JMeterThread: Thread started: Teachers and learners 1-1000
2026-10-04 20:59:19,269 INFO o.a.j.t.JMeterThread: Thread is done: Teachers and learners 1-266
2026-10-04 20:59:19,269 INFO o.a.j.t.JMeterThread: Thread finished: Teachers and learners 1-266
2026-10-04 20:59:19,357 INFO o.a.j.t.JMeterThread: Thread is done: Teachers and learners 1-322
2026-10-04 20:59:19,357 INFO o.a.j.t.JMeterThread: Thread finished: Teachers and learners 1-322
2026-10-04 20:59:19,399 INFO o.a.j.t.JMeterThread: Thread is done: Teachers and learners 1-304
2026-10-04 20:59:19,399 INFO o.a.j.t.JMeterThread: Thread finished: Teachers and learners 1-304
2026-10-04 20:59:19,782 INFO o.a.j.t.JMeterThread: Thread is done: Teachers and learners 1-278
2026-10-04 20:59:19,782 INFO o.a.j.t.JMeterThread: Thread finished: Teachers and learners 1-278
2026-10-04 20:59:19,792 INFO o.a.j.t.JMeterThread: Thread is done: Teachers and learners 1-297
2026-10-04 20:59:19,792 INFO o.a.j.t.JMeterThread: Thread finished: Teachers and learners 1-297
2026-10-04 20:59:19,887 INFO o.a.j.t.JMeterThread: Thread is done: Teachers and learners 1-315
2026-10-04 20:59:19,887 INFO o.a.j.t.JMeterThread: Thread finished: Teachers and learners 1-315
2026-10-04 20:59:20,247 INFO o.a.j.t.JMeterThread: Thread is done: Teachers and learners 1-314
2026-10-04 20:59:20,247 INFO o.a.j.t.JMeterThread: Thread finished: Teachers and learners 1-314
2026-10-04 20:59:20,297 INFO o.a.j.t.JMeterThread: Thread is done: Teachers and learners 1-328
2026-10-04 20:59:20,298 INFO o.a.j.t.JMeterThread: Thread finished: Teachers and learners 1-328
2026-10-04 20:59:20,368 INFO o.a.j.t.JMeterThread: Thread is done: Teachers and learners 1-316
2026-10-04 20:59:20,368 INFO o.a.j.t.JMeterThread: Thread finished: Teachers and learners 1-316
2026-10-04 20:59:20,527 INFO o.a.j.t.JMeterThread: Thread is done: Teachers and learners 1-325
2026-10-04 20:59:20,527 INFO o.a.j.t.JMeterThread: Thread finished: Teachers and learners 1-325
2026-10-04 20:59:20,550 INFO o.a.j.t.JMeterThread: Thread is done: Teachers and learners 1-300
2026-10-04 20:59:20,550 INFO o.a.j.t.JMeterThread: Thread finished: Teachers and learners 1-300
2026-10-04 20:59:20,732 INFO o.a.j.t.JMeterThread: Thread is done: Teachers and learners 1-294
2026-10-04 20:59:20,732 INFO o.a.j.t.JMeterThread: Thread finished: Teachers and learners 1-294
2026-10-04 20:59:20,739 INFO o.a.j.t.JMeterThread: Thread is done: Teachers and learners 1-303
2026-10-04 20:59:20,739 INFO o.a.j.t.JMeterThread: Thread finished: Teachers and learners 1-303
2026-10-04 20:59:20,762 INFO o.a.j.t.JMeterThread: Thread is done: Teachers and learners 1-321
2026-10-04 20:59:20,762 INFO o.a.j.t.JMeterThread: Thread finished: Teachers and learners 1-321
2026-10-04 20:59:20,914 INFO o.a.j.t.JMeterThread: Thread is done: Teachers and learners 1-345
2026-10-04 20:59:20,914 INFO o.a.j.t.JMeterThread: Thread finished: Teachers and learners 1-345
2026-10-04 20:59:20,920 INFO o.a.j.t.JMeterThread: Thread is done: Teachers and learners 1-292
2026-10-04 20:59:20,920 INFO o.a.j.t.JMeterThread: Thread finished: Teachers and learners 1-292
2026-10-04 20:59:21,014 INFO o.a.j.t.JMeterThread: Thread is done: Teachers and learners 1-306
2026-10-04 20:59:21,014 INFO o.a.j.t.JMeterThread: Thread finished: Teachers and learners 1-306
2026-10-04 20:59:21,095 INFO o.a.j.t.JMeterThread: Thread is done: Teachers and learners 1-283
2026-10-04 20:59:21,095 INFO o.a.j.t.JMeterThread: Thread finished: Teachers and learners 1-283
2026-10-04 20:59:21,106 INFO o.a.j.t.JMeterThread: Thread is done: Teachers and learners 1-298
2026-10-04 20:59:21,106 INFO o.a.j.t.JMeterThread: Thread finished: Teachers and learners 1-298
2026-10-04 20:59:21,252 INFO o.a.j.t.JMeterThread: Thread is done: Teachers and learners 1-301
2026-10-04 20:59:21,252 INFO o.a.j.t.JMeterThread: Thread finished: Teachers and learners 1-301
2026-10-04 20:59:21,417 INFO o.a.j.t.JMeterThread: Thread is done: Teachers and learners 1-313
2026-10-04 20:59:21,417 INFO o.a.j.t.JMeterThread: Thread finished: Teachers and learners 1-313
2026-10-04 20:59:21,487 INFO o.a.j.t.JMeterThread: Thread is done: Teachers and learners 1-344
2026-10-04 20:59:21,487 INFO o.a.j.t.JMeterThread: Thread finished: Teachers and learners 1-344
2026-10-04 20:59:21,500 INFO o.a.j.t.JMeterThread: Thread is done: Teachers and learners 1-320
2026-10-04 20:59:21,500 INFO o.a.j.t.JMeterThread: Thread finished: Teachers and learners 1-320
2026-10-04 20:59:21,508 INFO o.a.j.t.JMeterThread: Thread is done: Teachers and learners 1-311
2026-10-04 20:59:21,508 INFO o.a.j.t.JMeterThread: Thread finished: Teachers and learners 1-311
2026-10-04 20:59:21,555 INFO o.a.j.t.JMeterThread: Thread is done: Teachers and learners 1-317
2026-10-04 20:59:21,556 INFO o.a.j.t.JMeterThread: Thread finished: Teachers and learners 1-317
2026-10-04 20:59:21,655 INFO o.a.j.t.JMeterThread: Thread is done: Teachers and learners 1-323
2026-10-04 20:59:21,655 INFO o.a.j.t.JMeterThread: Thread finished: Teachers and learners 1-323
2026-10-04 20:59:21,951 INFO o.a.j.t.JMeterThread: Thread is done: Teachers and learners 1-280
2026-10-04 20:59:21,951 INFO o.a.j.t.JMeterThread: Thread finished: Teachers and learners 1-280
2026-10-04 20:59:22,117 INFO o.a.j.t.JMeterThread: Thread is done: Teachers and learners 1-364
2026-10-04 20:59:22,117 INFO o.a.j.t.JMeterThread: Thread finished: Teachers and learners 1-364
2026-10-04 20:59:22,254 INFO o.a.j.t.JMeterThread: Thread is done: Teachers and learners 1-337
2026-10-04 20:59:22,254 INFO o.a.j.t.JMeterThread: Thread finished: Teachers and learners 1-337
2026-10-04 20:59:22,281 INFO o.a.j.t.JMeterThread: Thread is done: Teachers and learners 1-341
2026-10-04 20:59:22,281 INFO o.a.j.t.JMeterThread: Thread finished: Teachers and learners 1-341
2026-10-04 20:59:22,496 INFO o.a.j.t.JMeterThread: Thread is done: Teachers and learners 1-348
2026-10-04 20:59:22,496 INFO o.a.j.t.JMeterThread: Thread finished: Teachers and learners 1-348
2026-10-04 20:59:22,527 INFO o.a.j.t.JMeterThread: Thread is done: Teachers and learners 1-307
2026-10-04 20:59:22,527 INFO o.a.j.t.JMeterThread: Thread finished: Teachers and learners 1-307
2026-10-04 20:59:22,812 INFO o.a.j.t.JMeterThread: Thread is done: Teachers and learners 1-326
2026-10-04 20:59:22,812 INFO o.a.j.t.JMeterThread: Thread finished: Teachers and learners 1-326
2026-10-04 20:59:22,824 INFO o.a.j.t.JMeterThread: Thread is done: Teachers and learners 1-318
2026-10-04 20:59:22,824 INFO o.a.j.t.JMeterThread: Thread finished: Teachers and learners 1-318
2026-10-04 20:59:22,849 INFO o.a.j.t.JMeterThread: Thread is done: Teachers and learners 1-336
2026-10-04 20:59:22,849 INFO o.a.j.t.JMeterThread: Thread finished: Teachers and learners 1-336
2026-10-04 20:59:22,895 INFO o.a.j.t.JMeterThread: Thread is done: Teachers and learners 1-333
2026-10-04 20:59:22,895 INFO o.a.j.t.JMeterThread: Thread finished: Teachers and learners 1-333
2026-10-04 20:59:23,068 INFO o.a.j.t.JMeterThread: Thread is done: Teachers and learners 1-343
2026-10-04 20:59:23,068 INFO o.a.j.t.JMeterThread: Thread finished: Teachers and learners 1-343
2026-10-04 20:59:23,113 INFO o.a.j.t.JMeterThread: Thread is done: Teachers and learners 1-329
2026-10-04 20:59:23,113 INFO o.a.j.t.JMeterThread: Thread finished: Teachers and learners 1-329
2026-10-04 20:59:23,177 INFO o.a.j.t.JMeterThread: Thread is done: Teachers and learners 1-331
2026-10-04 20:59:23,177 INFO o.a.j.t.JMeterThread: Thread finished: Teachers and learners 1-331
2026-10-04 20:59:23,189 INFO o.a.j.t.JMeterThread: Thread is done: Teachers and learners 1-351
2026-10-04 20:59:23,189 INFO o.a.j.t.JMeterThread: Thread finished: Teachers and learners 1-351
2026-10-04 20:59:23,278 INFO o.a.j.t.JMeterThread: Thread is done: Teachers and learners 1-358
2026-10-04 20:59:23,278 INFO o.a.j.t.JMeterThread: Thread finished: Teachers and learners 1-358
2026-10-04 20:59:23,285 INFO o.a.j.t.JMeterThread: Thread is done: Teachers and learners 1-354
2026-10-04 20:59:23,285 INFO o.a.j.t.JMeterThread: Thread finished: Teachers and learners 1-354
2026-10-04 20:59:23,292 INFO o.a.j.t.JMeterThread: Thread is done: Teachers and learners 1-335
2026-10-04 20:59:23,292 INFO o.a.j.t.JMeterThread: Thread finished: Teachers and learners 1-335
2026-10-04 20:59:23,368 INFO o.a.j.t.JMeterThread: Thread is done: Teachers and learners 1-334
2026-10-04 20:59:23,368 INFO o.a.j.t.JMeterThread: Thread finished: Teachers and learners 1-334
2026-10-04 20:59:23,444 INFO o.a.j.t.JMeterThread: Thread is done: Teachers and learners 1-342
2026-10-04 20:59:23,444 INFO o.a.j.t.JMeterThread: Thread finished: Teachers and learners 1-342
2026-10-04 20:59:23,502 INFO o.a.j.t.JMeterThread: Thread is done: Teachers and learners 1-338
2026-10-04 20:59:23,502 INFO o.a.j.t.JMeterThread: Thread finished: Teachers and learners 1-338
2026-10-04 20:59:23,567 INFO o.a.j.t.JMeterThread: Thread is done: Teachers and learners 1-327
2026-10-04 20:59:23,567 INFO o.a.j.t.JMeterThread: Thread finished: Teachers and learners 1-327
2026-10-04 20:59:23,654 INFO o.a.j.t.JMeterThread: Thread is done: Teachers and learners 1-324
2026-10-04 20:59:23,654 INFO o.a.j.t.JMeterThread: Thread finished: Teachers and learners 1-324
2026-10-04 20:59:24,214 INFO o.a.j.t.JMeterThread: Thread is done: Teachers and learners 1-369
2026-10-04 20:59:24,214 INFO o.a.j.t.JMeterThread: Thread finished: Teachers and learners 1-369
2026-10-04 20:59:24,230 INFO o.a.j.t.JMeterThread: Thread is done: Teachers and learners 1-355
2026-10-04 20:59:24,230 INFO o.a.j.t.JMeterThread: Thread finished: Teachers and learners 1-355
2026-10-04 20:59:24,357 INFO o.a.j.t.JMeterThread: Thread is done: Teachers and learners 1-319
2026-10-04 20:59:24,357 INFO o.a.j.t.JMeterThread: Thread finished: Teachers and learners 1-319
2026-10-04 20:59:24,424 INFO o.a.j.t.JMeterThread: Thread is done: Teachers and learners 1-372
2026-10-04 20:59:24,424 INFO o.a.j.t.JMeterThread: Thread finished: Teachers and learners 1-372
2026-10-04 20:59:24,476 INFO o.a.j.t.JMeterThread: Thread is done: Teachers and learners 1-302
2026-10-04 20:59:24,476 INFO o.a.j.t.JMeterThread: Thread finished: Teachers and learners 1-302
2026-10-04 20:59:24,555 INFO o.a.j.t.JMeterThread: Thread is done: Teachers and learners 1-379
2026-10-04 20:59:24,555 INFO o.a.j.t.JMeterThread: Thread finished: Teachers and learners 1-379
2026-10-04 20:59:24,946 INFO o.a.j.t.JMeterThread: Thread is done: Teachers and learners 1-339
2026-10-04 20:59:24,946 INFO o.a.j.t.JMeterThread: Thread finished: Teachers and learners 1-339
2026-10-04 20:59:25,067 INFO o.a.j.t.JMeterThread: Thread is done: Teachers and learners 1-350
2026-10-04 20:59:25,067 INFO o.a.j.t.JMeterThread: Thread finished: Teachers and learners 1-350
2026-10-04 20:59:25,198 INFO o.a.j.t.JMeterThread: Thread is done: Teachers and learners 1-332
2026-10-04 20:59:25,198 INFO o.a.j.t.JMeterThread: Thread finished: Teachers and learners 1-332
2026-10-04 20:59:25,229 INFO o.a.j.t.JMeterThread: Thread is done: Teachers and learners 1-310
2026-10-04 20:59:25,229 INFO o.a.j.t.JMeterThread: Thread finished: Teachers and learners 1-310
2026-10-04 20:59:25,300 INFO o.a.j.t.JMeterThread: Thread is done: Teachers and learners 1-357
2026-10-04 20:59:25,300 INFO o.a.j.t.JMeterThread: Thread finished: Teachers and learners 1-357
2026-10-04 20:59:25,337 INFO o.a.j.t.JMeterThread: Thread is done: Teachers and learners 1-371
2026-10-04 20:59:25,337 INFO o.a.j.t.JMeterThread: Thread finished: Teachers and learners 1-371
2026-10-04 20:59:25,531 INFO o.a.j.t.JMeterThread: Thread is done: Teachers and learners 1-340
2026-10-04 20:59:25,531 INFO o.a.j.t.JMeterThread: Thread finished: Teachers and learners 1-340
2026-10-04 20:59:25,560 INFO o.a.j.t.JMeterThread: Thread is done: Teachers and learners 1-330
2026-10-04 20:59:25,560 INFO o.a.j.t.JMeterThread: Thread finished: Teachers and learners 1-330
2026-10-04 20:59:25,608 INFO o.a.j.t.JMeterThread: Thread is done: Teachers and learners 1-370
2026-10-04 20:59:25,608 INFO o.a.j.t.JMeterThread: Thread finished: Teachers and learners 1-370
2026-10-04 20:59:25,624 INFO o.a.j.t.JMeterThread: Thread is done: Teachers and learners 1-363
2026-10-04 20:59:25,624 INFO o.a.j.t.JMeterThread: Thread finished: Teachers and learners 1-363
2026-10-04 20:59:25,748 INFO o.a.j.t.JMeterThread: Thread is done: Teachers and learners 1-383
2026-10-04 20:59:25,748 INFO o.a.j.t.JMeterThread: Thread finished: Teachers and learners 1-383
2026-10-04 20:59:25,923 INFO o.a.j.t.JMeterThread: Thread is done: Teachers and learners 1-347
2026-10-04 20:59:25,923 INFO o.a.j.t.JMeterThread: Thread finished: Teachers and learners 1-347
2026-10-04 20:59:26,084 INFO o.a.j.t.JMeterThread: Thread is done: Teachers and learners 1-360
2026-10-04 20:59:26,084 INFO o.a.j.t.JMeterThread: Thread finished: Teachers and learners 1-360
2026-10-04 20:59:26,168 INFO o.a.j.t.JMeterThread: Thread is done: Teachers and learners 1-359
2026-10-04 20:59:26,168 INFO o.a.j.t.JMeterThread: Thread finished: Teachers and learners 1-359
2026-10-04 20:59:26,174 INFO o.a.j.t.JMeterThread: Thread is done: Teachers and learners 1-353
2026-10-04 20:59:26,174 INFO o.a.j.t.JMeterThread: Thread finished: Teachers and learners 1-353
2026-10-04 20:59:26,540 INFO o.a.j.t.JMeterThread: Thread is done: Teachers and learners 1-368
2026-10-04 20:59:26,540 INFO o.a.j.t.JMeterThread: Thread finished: Teachers and learners 1-368
2026-10-04 20:59:26,653 INFO o.a.j.t.JMeterThread: Thread is done: Teachers and learners 1-388
2026-10-04 20:59:26,653 INFO o.a.j.t.JMeterThread: Thread finished: Teachers and learners 1-388
2026-10-04 20:59:26,831 INFO o.a.j.t.JMeterThread: Thread is done: Teachers and learners 1-367
2026-10-04 20:59:26,831 INFO o.a.j.t.JMeterThread: Thread finished: Teachers and learners 1-367
2026-10-04 20:59:26,914 INFO o.a.j.t.JMeterThread: Thread is done: Teachers and learners 1-349
2026-10-04 20:59:26,914 INFO o.a.j.t.JMeterThread: Thread finished: Teachers and learners 1-349
2026-10-04 20:59:27,020 INFO o.a.j.t.JMeterThread: Thread is done: Teachers and learners 1-375
2026-10-04 20:59:27,020 INFO o.a.j.t.JMeterThread: Thread finished: Teachers and learners 1-375
2026-10-04 20:59:27,052 INFO o.a.j.t.JMeterThread: Thread is done: Teachers and learners 1-312
2026-10-04 20:59:27,052 INFO o.a.j.t.JMeterThread: Thread finished: Teachers and learners 1-312
2026-10-04 20:59:27,137 INFO o.a.j.t.JMeterThread: Thread is done: Teachers and learners 1-366
2026-10-04 20:59:27,137 INFO o.a.j.t.JMeterThread: Thread finished: Teachers and learners 1-366
2026-10-04 20:59:27,184 INFO o.a.j.t.JMeterThread: Thread is done: Teachers and learners 1-395
2026-10-04 20:59:27,184 INFO o.a.j.t.JMeterThread: Thread finished: Teachers and learners 1-395
2026-10-04 20:59:27,267 INFO o.a.j.t.JMeterThread: Thread is done: Teachers and learners 1-352
2026-10-04 20:59:27,267 INFO o.a.j.t.JMeterThread: Thread finished: Teachers and learners 1-352
2026-10-04 20:59:27,336 INFO o.a.j.t.JMeterThread: Thread is done: Teachers and learners 1-362
2026-10-04 20:59:27,336 INFO o.a.j.t.JMeterThread: Thread finished: Teachers and learners 1-362
2026-10-04 20:59:27,369 INFO o.a.j.t.JMeterThread: Thread is done: Teachers and learners 1-381
2026-10-04 20:59:27,369 INFO o.a.j.t.JMeterThread: Thread finished: Teachers and learners 1-381
2026-10-04 20:59:27,422 INFO o.a.j.t.JMeterThread: Thread is done: Teachers and learners 1-401
2026-10-04 20:59:27,422 INFO o.a.j.t.JMeterThread: Thread finished: Teachers and learners 1-401
2026-10-04 20:59:27,444 INFO o.a.j.t.JMeterThread: Thread is done: Teachers and learners 1-380
2026-10-04 20:59:27,444 INFO o.a.j.t.JMeterThread: Thread finished: Teachers and learners 1-380
2026-10-04 20:59:27,518 INFO o.a.j.t.JMeterThread: Thread is done: Teachers and learners 1-403
2026-10-04 20:59:27,518 INFO o.a.j.t.JMeterThread: Thread finished: Teachers and learners 1-403
2026-10-04 20:59:27,701 INFO o.a.j.t.JMeterThread: Thread is done: Teachers and learners 1-390
2026-10-04 20:59:27,701 INFO o.a.j.t.JMeterThread: Thread finished: Teachers and learners 1-390
2026-10-04 20:59:27,876 INFO o.a.j.t.JMeterThread: Thread is done: Teachers and learners 1-356
2026-10-04 20:59:27,876 INFO o.a.j.t.JMeterThread: Thread finished: Teachers and learners 1-356
2026-10-04 20:59:27,932 INFO o.a.j.t.JMeterThread: Thread is done: Teachers and learners 1-410
2026-10-04 20:59:27,932 INFO o.a.j.t.JMeterThread: Thread finished: Teachers and learners 1-410
2026-10-04 20:59:28,057 INFO o.a.j.t.JMeterThread: Thread is done: Teachers and learners 1-392
2026-10-04 20:59:28,057 INFO o.a.j.t.JMeterThread: Thread finished: Teachers and learners 1-392
2026-10-04 20:59:28,099 INFO o.a.j.t.JMeterThread: Thread is done: Teachers and learners 1-396
2026-10-04 20:59:28,099 INFO o.a.j.t.JMeterThread: Thread finished: Teachers and learners 1-396
2026-10-04 20:59:28,277 INFO o.a.j.t.JMeterThread: Thread is done: Teachers and learners 1-382
2026-10-04 20:59:28,278 INFO o.a.j.t.JMeterThread: Thread finished: Teachers and learners 1-382
2026-10-04 20:59:28,442 INFO o.a.j.t.JMeterThread: Thread is done: Teachers and learners 1-373
2026-10-04 20:59:28,442 INFO o.a.j.t.JMeterThread: Thread finished: Teachers and learners 1-373
2026-10-04 20:59:28,474 INFO o.a.j.t.JMeterThread: Thread is done: Teachers and learners 1-384
2026-10-04 20:59:28,474 INFO o.a.j.t.JMeterThread: Thread finished: Teachers and learners 1-384
2026-10-04 20:59:28,574 INFO o.a.j.t.JMeterThread: Thread is done: Teachers and learners 1-400
2026-10-04 20:59:28,574 INFO o.a.j.t.JMeterThread: Thread finished: Teachers and learners 1-400
2026-10-04 20:59:28,605 INFO o.a.j.t.JMeterThread: Thread is done: Teachers and learners 1-399
2026-10-04 20:59:28,605 INFO o.a.j.t.JMeterThread: Thread finished: Teachers and learners 1-399
2026-10-04 20:59:28,614 INFO o.a.j.t.JMeterThread: Thread is done: Teachers and learners 1-416
2026-10-04 20:59:28,614 INFO o.a.j.t.JMeterThread: Thread finished: Teachers and learners 1-416
2026-10-04 20:59:28,637 INFO o.a.j.t.JMeterThread: Thread is done: Teachers and learners 1-397
2026-10-04 20:59:28,637 INFO o.a.j.t.JMeterThread: Thread finished: Teachers and learners 1-397
2026-10-04 20:59:28,836 INFO o.a.j.t.JMeterThread: Thread is done: Teachers and learners 1-426
2026-10-04 20:59:28,836 INFO o.a.j.t.JMeterThread: Thread finished: Teachers and learners 1-426
2026-10-04 20:59:28,843 INFO o.a.j.t.JMeterThread: Thread is done: Teachers and learners 1-391
2026-10-04 20:59:28,843 INFO o.a.j.t.JMeterThread: Thread finished: Teachers and learners 1-391
2026-10-04 20:59:28,862 INFO o.a.j.t.JMeterThread: Thread is done: Teachers and learners 1-413
2026-10-04 20:59:28,863 INFO o.a.j.t.JMeterThread: Thread finished: Teachers and learners 1-413
2026-10-04 20:59:28,975 INFO o.a.j.t.JMeterThread: Thread is done: Teachers and learners 1-411
2026-10-04 20:59:28,975 INFO o.a.j.t.JMeterThread: Thread finished: Teachers and learners 1-411
2026-10-04 20:59:29,063 INFO o.a.j.t.JMeterThread: Thread is done: Teachers and learners 1-387
2026-10-04 20:59:29,063 INFO o.a.j.t.JMeterThread: Thread finished: Teachers and learners 1-387
2026-10-04 20:59:29,104 INFO o.a.j.t.JMeterThread: Thread is done: Teachers and learners 1-407
2026-10-04 20:59:29,104 INFO o.a.j.t.JMeterThread: Thread finished: Teachers and learners 1-407
2026-10-04 20:59:29,114 INFO o.a.j.t.JMeterThread: Thread is done: Teachers and learners 1-398
2026-10-04 20:59:29,114 INFO o.a.j.t.JMeterThread: Thread finished: Teachers and learners 1-398
2026-10-04 20:59:29,172 INFO o.a.j.t.JMeterThread: Thread is done: Teachers and learners 1-405
2026-10-04 20:59:29,172 INFO o.a.j.t.JMeterThread: Thread finished: Teachers and learners 1-405
2026-10-04 20:59:29,206 INFO o.a.j.t.JMeterThread: Thread is done: Teachers and learners 1-414
2026-10-04 20:59:29,206 INFO o.a.j.t.JMeterThread: Thread finished: Teachers and learners 1-414
2026-10-04 20:59:29,362 INFO o.a.j.t.JMeterThread: Thread is done: Teachers and learners 1-418
2026-10-04 20:59:29,362 INFO o.a.j.t.JMeterThread: Thread finished: Teachers and learners 1-418
2026-10-04 20:59:29,452 INFO o.a.j.t.JMeterThread: Thread is done: Teachers and learners 1-409
2026-10-04 20:59:29,452 INFO o.a.j.t.JMeterThread: Thread finished: Teachers and learners 1-409
2026-10-04 20:59:29,579 INFO o.a.j.t.JMeterThread: Thread is done: Teachers and learners 1-365
2026-10-04 20:59:29,579 INFO o.a.j.t.JMeterThread: Thread finished: Teachers and learners 1-365
2026-10-04 20:59:29,673 INFO o.a.j.t.JMeterThread: Thread is done: Teachers and learners 1-393
2026-10-04 20:59:29,673 INFO o.a.j.t.JMeterThread: Thread finished: Teachers and learners 1-393
2026-10-04 20:59:29,972 INFO o.a.j.t.JMeterThread: Thread is done: Teachers and learners 1-377
2026-10-04 20:59:29,972 INFO o.a.j.t.JMeterThread: Thread finished: Teachers and learners 1-377
2026-10-04 20:59:29,999 INFO o.a.j.t.JMeterThread: Thread is done: Teachers and learners 1-374
2026-10-04 20:59:29,999 INFO o.a.j.t.JMeterThread: Thread finished: Teachers and learners 1-374
2026-10-04 20:59:30,012 INFO o.a.j.r.Summariser: summary +   7754 in 00:00:30 =  258.5/s Avg:  1469 Min:   206 Max:  5158 Err:     0 (0.00%) Active: 596 Started: 1000 Finished: 404
2026-10-04 20:59:30,013 INFO o.a.j.r.Summariser: summary =  10332 in 00:00:41 =  253.7/s Avg:  1138 Min:     1 Max:  5158 Err:     0 (0.00%)
2026-10-04 20:59:30,423 INFO o.a.j.t.JMeterThread: Thread is done: Teachers and learners 1-417
2026-10-04 20:59:30,423 INFO o.a.j.t.JMeterThread: Thread finished: Teachers and learners 1-417
2026-10-04 20:59:30,478 INFO o.a.j.t.JMeterThread: Thread is done: Teachers and learners 1-402
2026-10-04 20:59:30,478 INFO o.a.j.t.JMeterThread: Thread finished: Teachers and learners 1-402
2026-10-04 20:59:30,489 INFO o.a.j.t.JMeterThread: Thread is done: Teachers and learners 1-412
2026-10-04 20:59:30,489 INFO o.a.j.t.JMeterThread: Thread finished: Teachers and learners 1-412
2026-10-04 20:59:30,512 INFO o.a.j.t.JMeterThread: Thread is done: Teachers and learners 1-346
2026-10-04 20:59:30,512 INFO o.a.j.t.JMeterThread: Thread finished: Teachers and learners 1-346
2026-10-04 20:59:30,520 INFO o.a.j.t.JMeterThread: Thread is done: Teachers and learners 1-361
2026-10-04 20:59:30,520 INFO o.a.j.t.JMeterThread: Thread finished: Teachers and learners 1-361
2026-10-04 20:59:30,649 INFO o.a.j.t.JMeterThread: Thread is done: Teachers and learners 1-424
2026-10-04 20:59:30,649 INFO o.a.j.t.JMeterThread: Thread finished: Teachers and learners 1-424
2026-10-04 20:59:30,664 INFO o.a.j.t.JMeterThread: Thread is done: Teachers and learners 1-406
2026-10-04 20:59:30,664 INFO o.a.j.t.JMeterThread: Thread finished: Teachers and learners 1-406
2026-10-04 20:59:30,674 INFO o.a.j.t.JMeterThread: Thread is done: Teachers and learners 1-394
2026-10-04 20:59:30,674 INFO o.a.j.t.JMeterThread: Thread finished: Teachers and learners 1-394
2026-10-04 20:59:30,742 INFO o.a.j.t.JMeterThread: Thread is done: Teachers and learners 1-376
2026-10-04 20:59:30,742 INFO o.a.j.t.JMeterThread: Thread finished: Teachers and learners 1-376
2026-10-04 20:59:30,815 INFO o.a.j.t.JMeterThread: Thread is done: Teachers and learners 1-408
2026-10-04 20:59:30,815 INFO o.a.j.t.JMeterThread: Thread finished: Teachers and learners 1-408
2026-10-04 20:59:31,100 INFO o.a.j.t.JMeterThread: Thread is done: Teachers and learners 1-378
2026-10-04 20:59:31,100 INFO o.a.j.t.JMeterThread: Thread finished: Teachers and learners 1-378
2026-10-04 20:59:31,109 INFO o.a.j.t.JMeterThread: Thread is done: Teachers and learners 1-427
2026-10-04 20:59:31,109 INFO o.a.j.t.JMeterThread: Thread finished: Teachers and learners 1-427
2026-10-04 20:59:31,339 INFO o.a.j.t.JMeterThread: Thread is done: Teachers and learners 1-415
2026-10-04 20:59:31,339 INFO o.a.j.t.JMeterThread: Thread finished: Teachers and learners 1-415
2026-10-04 20:59:31,543 INFO o.a.j.t.JMeterThread: Thread is done: Teachers and learners 1-438
2026-10-04 20:59:31,543 INFO o.a.j.t.JMeterThread: Thread finished: Teachers and learners 1-438
2026-10-04 20:59:31,549 INFO o.a.j.t.JMeterThread: Thread is done: Teachers and learners 1-389
2026-10-04 20:59:31,550 INFO o.a.j.t.JMeterThread: Thread finished: Teachers and learners 1-389
2026-10-04 20:59:31,633 INFO o.a.j.t.JMeterThread: Thread is done: Teachers and learners 1-434
2026-10-04 20:59:31,633 INFO o.a.j.t.JMeterThread: Thread finished: Teachers and learners 1-434
2026-10-04 20:59:31,786 INFO o.a.j.t.JMeterThread: Thread is done: Teachers and learners 1-419
2026-10-04 20:59:31,786 INFO o.a.j.t.JMeterThread: Thread finished: Teachers and learners 1-419
2026-10-04 20:59:31,959 INFO o.a.j.t.JMeterThread: Thread is done: Teachers and learners 1-453
2026-10-04 20:59:31,959 INFO o.a.j.t.JMeterThread: Thread finished: Teachers and learners 1-453
2026-10-04 20:59:32,015 INFO o.a.j.t.JMeterThread: Thread is done: Teachers and learners 1-420
2026-10-04 20:59:32,015 INFO o.a.j.t.JMeterThread: Thread finished: Teachers and learners 1-420
2026-10-04 20:59:32,193 INFO o.a.j.t.JMeterThread: Thread is done: Teachers and learners 1-423
2026-10-04 20:59:32,193 INFO o.a.j.t.JMeterThread: Thread finished: Teachers and learners 1-423
2026-10-04 20:59:32,201 INFO o.a.j.t.JMeterThread: Thread is done: Teachers and learners 1-430
2026-10-04 20:59:32,201 INFO o.a.j.t.JMeterThread: Thread finished: Teachers and learners 1-430
2026-10-04 20:59:32,214 INFO o.a.j.t.JMeterThread: Thread is done: Teachers and learners 1-425
2026-10-04 20:59:32,214 INFO o.a.j.t.JMeterThread: Thread finished: Teachers and learners 1-425
2026-10-04 20:59:32,222 INFO o.a.j.t.JMeterThread: Thread is done: Teachers and learners 1-458
2026-10-04 20:59:32,222 INFO o.a.j.t.JMeterThread: Thread finished: Teachers and learners 1-458
2026-10-04 20:59:32,330 INFO o.a.j.t.JMeterThread: Thread is done: Teachers and learners 1-441
2026-10-04 20:59:32,330 INFO o.a.j.t.JMeterThread: Thread finished: Teachers and learners 1-441
2026-10-04 20:59:32,598 INFO o.a.j.t.JMeterThread: Thread is done: Teachers and learners 1-429
2026-10-04 20:59:32,598 INFO o.a.j.t.JMeterThread: Thread finished: Teachers and learners 1-429
2026-10-04 20:59:32,715 INFO o.a.j.t.JMeterThread: Thread is done: Teachers and learners 1-440
2026-10-04 20:59:32,715 INFO o.a.j.t.JMeterThread: Thread finished: Teachers and learners 1-440
2026-10-04 20:59:32,801 INFO o.a.j.t.JMeterThread: Thread is done: Teachers and learners 1-442
2026-10-04 20:59:32,801 INFO o.a.j.t.JMeterThread: Thread finished: Teachers and learners 1-442
2026-10-04 20:59:32,819 INFO o.a.j.t.JMeterThread: Thread is done: Teachers and learners 1-445
2026-10-04 20:59:32,819 INFO o.a.j.t.JMeterThread: Thread finished: Teachers and learners 1-445
2026-10-04 20:59:32,834 INFO o.a.j.t.JMeterThread: Thread is done: Teachers and learners 1-449
2026-10-04 20:59:32,834 INFO o.a.j.t.JMeterThread: Thread finished: Teachers and learners 1-449
2026-10-04 20:59:32,929 INFO o.a.j.t.JMeterThread: Thread is done: Teachers and learners 1-435
2026-10-04 20:59:32,929 INFO o.a.j.t.JMeterThread: Thread finished: Teachers and learners 1-435
2026-10-04 20:59:32,943 INFO o.a.j.t.JMeterThread: Thread is done: Teachers and learners 1-466
2026-10-04 20:59:32,947 INFO o.a.j.t.JMeterThread: Thread finished: Teachers and learners 1-466
2026-10-04 20:59:32,968 INFO o.a.j.t.JMeterThread: Thread is done: Teachers and learners 1-436
2026-10-04 20:59:32,968 INFO o.a.j.t.JMeterThread: Thread finished: Teachers and learners 1-436
2026-10-04 20:59:33,106 INFO o.a.j.t.JMeterThread: Thread is done: Teachers and learners 1-422
2026-10-04 20:59:33,106 INFO o.a.j.t.JMeterThread: Thread finished: Teachers and learners 1-422
2026-10-04 20:59:33,263 INFO o.a.j.t.JMeterThread: Thread is done: Teachers and learners 1-428
2026-10-04 20:59:33,263 INFO o.a.j.t.JMeterThread: Thread finished: Teachers and learners 1-428
2026-10-04 20:59:33,305 INFO o.a.j.t.JMeterThread: Thread is done: Teachers and learners 1-462
2026-10-04 20:59:33,305 INFO o.a.j.t.JMeterThread: Thread finished: Teachers and learners 1-462
2026-10-04 20:59:33,372 INFO o.a.j.t.JMeterThread: Thread is done: Teachers and learners 1-459
2026-10-04 20:59:33,372 INFO o.a.j.t.JMeterThread: Thread finished: Teachers and learners 1-459
2026-10-04 20:59:33,384 INFO o.a.j.t.JMeterThread: Thread is done: Teachers and learners 1-446
2026-10-04 20:59:33,384 INFO o.a.j.t.JMeterThread: Thread finished: Teachers and learners 1-446
2026-10-04 20:59:33,426 INFO o.a.j.t.JMeterThread: Thread is done: Teachers and learners 1-433
2026-10-04 20:59:33,426 INFO o.a.j.t.JMeterThread: Thread finished: Teachers and learners 1-433
2026-10-04 20:59:33,499 INFO o.a.j.t.JMeterThread: Thread is done: Teachers and learners 1-450
2026-10-04 20:59:33,501 INFO o.a.j.t.JMeterThread: Thread finished: Teachers and learners 1-450
2026-10-04 20:59:33,595 INFO o.a.j.t.JMeterThread: Thread is done: Teachers and learners 1-447
2026-10-04 20:59:33,595 INFO o.a.j.t.JMeterThread: Thread finished: Teachers and learners 1-447
2026-10-04 20:59:33,651 INFO o.a.j.t.JMeterThread: Thread is done: Teachers and learners 1-432
2026-10-04 20:59:33,651 INFO o.a.j.t.JMeterThread: Thread finished: Teachers and learners 1-432
2026-10-04 20:59:33,685 INFO o.a.j.t.JMeterThread: Thread is done: Teachers and learners 1-443
2026-10-04 20:59:33,685 INFO o.a.j.t.JMeterThread: Thread finished: Teachers and learners 1-443
2026-10-04 20:59:33,745 INFO o.a.j.t.JMeterThread: Thread is done: Teachers and learners 1-404
2026-10-04 20:59:33,745 INFO o.a.j.t.JMeterThread: Thread finished: Teachers and learners 1-404
2026-10-04 20:59:33,800 INFO o.a.j.t.JMeterThread: Thread is done: Teachers and learners 1-448
2026-10-04 20:59:33,800 INFO o.a.j.t.JMeterThread: Thread finished: Teachers and learners 1-448
2026-10-04 20:59:34,073 INFO o.a.j.t.JMeterThread: Thread is done: Teachers and learners 1-385
2026-10-04 20:59:34,073 INFO o.a.j.t.JMeterThread: Thread finished: Teachers and learners 1-385
2026-10-04 20:59:34,282 INFO o.a.j.t.JMeterThread: Thread is done: Teachers and learners 1-386
2026-10-04 20:59:34,282 INFO o.a.j.t.JMeterThread: Thread finished: Teachers and learners 1-386
2026-10-04 20:59:34,373 INFO o.a.j.t.JMeterThread: Thread is done: Teachers and learners 1-495
2026-10-04 20:59:34,373 INFO o.a.j.t.JMeterThread: Thread finished: Teachers and learners 1-495
2026-10-04 20:59:34,452 INFO o.a.j.t.JMeterThread: Thread is done: Teachers and learners 1-431
2026-10-04 20:59:34,452 INFO o.a.j.t.JMeterThread: Thread finished: Teachers and learners 1-431
2026-10-04 20:59:34,459 INFO o.a.j.t.JMeterThread: Thread is done: Teachers and learners 1-472
2026-10-04 20:59:34,459 INFO o.a.j.t.JMeterThread: Thread finished: Teachers and learners 1-472
2026-10-04 20:59:34,659 INFO o.a.j.t.JMeterThread: Thread is done: Teachers and learners 1-479
2026-10-04 20:59:34,659 INFO o.a.j.t.JMeterThread: Thread finished: Teachers and learners 1-479
2026-10-04 20:59:34,684 INFO o.a.j.t.JMeterThread: Thread is done: Teachers and learners 1-451
2026-10-04 20:59:34,684 INFO o.a.j.t.JMeterThread: Thread finished: Teachers and learners 1-451
2026-10-04 20:59:34,817 INFO o.a.j.t.JMeterThread: Thread is done: Teachers and learners 1-439
2026-10-04 20:59:34,817 INFO o.a.j.t.JMeterThread: Thread finished: Teachers and learners 1-439
2026-10-04 20:59:34,868 INFO o.a.j.t.JMeterThread: Thread is done: Teachers and learners 1-507
2026-10-04 20:59:34,868 INFO o.a.j.t.JMeterThread: Thread finished: Teachers and learners 1-507
2026-10-04 20:59:34,875 INFO o.a.j.t.JMeterThread: Thread is done: Teachers and learners 1-452
2026-10-04 20:59:34,875 INFO o.a.j.t.JMeterThread: Thread finished: Teachers and learners 1-452
2026-10-04 20:59:34,927 INFO o.a.j.t.JMeterThread: Thread is done: Teachers and learners 1-421
2026-10-04 20:59:34,927 INFO o.a.j.t.JMeterThread: Thread finished: Teachers and learners 1-421
2026-10-04 20:59:35,023 INFO o.a.j.t.JMeterThread: Thread is done: Teachers and learners 1-456
2026-10-04 20:59:35,023 INFO o.a.j.t.JMeterThread: Thread finished: Teachers and learners 1-456
2026-10-04 20:59:35,121 INFO o.a.j.t.JMeterThread: Thread is done: Teachers and learners 1-485
2026-10-04 20:59:35,121 INFO o.a.j.t.JMeterThread: Thread finished: Teachers and learners 1-485
2026-10-04 20:59:35,141 INFO o.a.j.t.JMeterThread: Thread is done: Teachers and learners 1-486
2026-10-04 20:59:35,141 INFO o.a.j.t.JMeterThread: Thread finished: Teachers and learners 1-486
2026-10-04 20:59:35,350 INFO o.a.j.t.JMeterThread: Thread is done: Teachers and learners 1-454
2026-10-04 20:59:35,350 INFO o.a.j.t.JMeterThread: Thread finished: Teachers and learners 1-454
2026-10-04 20:59:35,712 INFO o.a.j.t.JMeterThread: Thread is done: Teachers and learners 1-464
2026-10-04 20:59:35,712 INFO o.a.j.t.JMeterThread: Thread finished: Teachers and learners 1-464
2026-10-04 20:59:35,770 INFO o.a.j.t.JMeterThread: Thread is done: Teachers and learners 1-471
2026-10-04 20:59:35,770 INFO o.a.j.t.JMeterThread: Thread finished: Teachers and learners 1-471
2026-10-04 20:59:36,099 INFO o.a.j.t.JMeterThread: Thread is done: Teachers and learners 1-457
2026-10-04 20:59:36,099 INFO o.a.j.t.JMeterThread: Thread finished: Teachers and learners 1-457
2026-10-04 20:59:36,127 INFO o.a.j.t.JMeterThread: Thread is done: Teachers and learners 1-477
2026-10-04 20:59:36,127 INFO o.a.j.t.JMeterThread: Thread finished: Teachers and learners 1-477
2026-10-04 20:59:36,137 INFO o.a.j.t.JMeterThread: Thread is done: Teachers and learners 1-463
2026-10-04 20:59:36,138 INFO o.a.j.t.JMeterThread: Thread finished: Teachers and learners 1-463
2026-10-04 20:59:36,348 INFO o.a.j.t.JMeterThread: Thread is done: Teachers and learners 1-474
2026-10-04 20:59:36,348 INFO o.a.j.t.JMeterThread: Thread finished: Teachers and learners 1-474
2026-10-04 20:59:36,372 INFO o.a.j.t.JMeterThread: Thread is done: Teachers and learners 1-476
2026-10-04 20:59:36,372 INFO o.a.j.t.JMeterThread: Thread finished: Teachers and learners 1-476
2026-10-04 20:59:36,390 INFO o.a.j.t.JMeterThread: Thread is done: Teachers and learners 1-467
2026-10-04 20:59:36,391 INFO o.a.j.t.JMeterThread: Thread finished: Teachers and learners 1-467
2026-10-04 20:59:36,400 INFO o.a.j.t.JMeterThread: Thread is done: Teachers and learners 1-480
2026-10-04 20:59:36,401 INFO o.a.j.t.JMeterThread: Thread finished: Teachers and learners 1-480
2026-10-04 20:59:36,852 INFO o.a.j.t.JMeterThread: Thread is done: Teachers and learners 1-468
2026-10-04 20:59:36,852 INFO o.a.j.t.JMeterThread: Thread finished: Teachers and learners 1-468
2026-10-04 20:59:36,882 INFO o.a.j.t.JMeterThread: Thread is done: Teachers and learners 1-465
2026-10-04 20:59:36,882 INFO o.a.j.t.JMeterThread: Thread finished: Teachers and learners 1-465
2026-10-04 20:59:36,900 INFO o.a.j.t.JMeterThread: Thread is done: Teachers and learners 1-475
2026-10-04 20:59:36,900 INFO o.a.j.t.JMeterThread: Thread finished: Teachers and learners 1-475
2026-10-04 20:59:37,013 INFO o.a.j.t.JMeterThread: Thread is done: Teachers and learners 1-470
2026-10-04 20:59:37,013 INFO o.a.j.t.JMeterThread: Thread finished: Teachers and learners 1-470
2026-10-04 20:59:37,066 INFO o.a.j.t.JMeterThread: Thread is done: Teachers and learners 1-489
2026-10-04 20:59:37,066 INFO o.a.j.t.JMeterThread: Thread finished: Teachers and learners 1-489
2026-10-04 20:59:37,095 INFO o.a.j.t.JMeterThread: Thread is done: Teachers and learners 1-481
2026-10-04 20:59:37,095 INFO o.a.j.t.JMeterThread: Thread finished: Teachers and learners 1-481
2026-10-04 20:59:37,146 INFO o.a.j.t.JMeterThread: Thread is done: Teachers and learners 1-461
2026-10-04 20:59:37,146 INFO o.a.j.t.JMeterThread: Thread finished: Teachers and learners 1-461
2026-10-04 20:59:37,752 INFO o.a.j.t.JMeterThread: Thread is done: Teachers and learners 1-487
2026-10-04 20:59:37,752 INFO o.a.j.t.JMeterThread: Thread finished: Teachers and learners 1-487
2026-10-04 20:59:37,897 INFO o.a.j.t.JMeterThread: Thread is done: Teachers and learners 1-483
2026-10-04 20:59:37,897 INFO o.a.j.t.JMeterThread: Thread finished: Teachers and learners 1-483
2026-10-04 20:59:37,975 INFO o.a.j.t.JMeterThread: Thread is done: Teachers and learners 1-444
2026-10-04 20:59:37,975 INFO o.a.j.t.JMeterThread: Thread finished: Teachers and learners 1-444
2026-10-04 20:59:38,085 INFO o.a.j.t.JMeterThread: Thread is done: Teachers and learners 1-484
2026-10-04 20:59:38,085 INFO o.a.j.t.JMeterThread: Thread finished: Teachers and learners 1-484
2026-10-04 20:59:38,139 INFO o.a.j.t.JMeterThread: Thread is done: Teachers and learners 1-488
2026-10-04 20:59:38,139 INFO o.a.j.t.JMeterThread: Thread finished: Teachers and learners 1-488
2026-10-04 20:59:38,582 INFO o.a.j.t.JMeterThread: Thread is done: Teachers and learners 1-506
2026-10-04 20:59:38,582 INFO o.a.j.t.JMeterThread: Thread finished: Teachers and learners 1-506
2026-10-04 20:59:38,776 INFO o.a.j.t.JMeterThread: Thread is done: Teachers and learners 1-515
2026-10-04 20:59:38,776 INFO o.a.j.t.JMeterThread: Thread finished: Teachers and learners 1-515
2026-10-04 20:59:38,855 INFO o.a.j.t.JMeterThread: Thread is done: Teachers and learners 1-502
2026-10-04 20:59:38,855 INFO o.a.j.t.JMeterThread: Thread finished: Teachers and learners 1-502
2026-10-04 20:59:38,911 INFO o.a.j.t.JMeterThread: Thread is done: Teachers and learners 1-473
2026-10-04 20:59:38,913 INFO o.a.j.t.JMeterThread: Thread finished: Teachers and learners 1-473
2026-10-04 20:59:39,215 INFO o.a.j.t.JMeterThread: Thread is done: Teachers and learners 1-492
2026-10-04 20:59:39,215 INFO o.a.j.t.JMeterThread: Thread finished: Teachers and learners 1-492
2026-10-04 20:59:39,515 INFO o.a.j.t.JMeterThread: Thread is done: Teachers and learners 1-460
2026-10-04 20:59:39,515 INFO o.a.j.t.JMeterThread: Thread finished: Teachers and learners 1-460
2026-10-04 20:59:39,764 INFO o.a.j.t.JMeterThread: Thread is done: Teachers and learners 1-496
2026-10-04 20:59:39,764 INFO o.a.j.t.JMeterThread: Thread finished: Teachers and learners 1-496
2026-10-04 20:59:39,780 INFO o.a.j.t.JMeterThread: Thread is done: Teachers and learners 1-530
2026-10-04 20:59:39,781 INFO o.a.j.t.JMeterThread: Thread finished: Teachers and learners 1-530
2026-10-04 20:59:39,786 INFO o.a.j.t.JMeterThread: Thread is done: Teachers and learners 1-455
2026-10-04 20:59:39,786 INFO o.a.j.t.JMeterThread: Thread finished: Teachers and learners 1-455
2026-10-04 20:59:40,138 INFO o.a.j.t.JMeterThread: Thread is done: Teachers and learners 1-499
2026-10-04 20:59:40,138 INFO o.a.j.t.JMeterThread: Thread finished: Teachers and learners 1-499
2026-10-04 20:59:40,186 INFO o.a.j.t.JMeterThread: Thread is done: Teachers and learners 1-517
2026-10-04 20:59:40,186 INFO o.a.j.t.JMeterThread: Thread finished: Teachers and learners 1-517
2026-10-04 20:59:40,422 INFO o.a.j.t.JMeterThread: Thread is done: Teachers and learners 1-493
2026-10-04 20:59:40,422 INFO o.a.j.t.JMeterThread: Thread finished: Teachers and learners 1-493
2026-10-04 20:59:40,520 INFO o.a.j.t.JMeterThread: Thread is done: Teachers and learners 1-512
2026-10-04 20:59:40,520 INFO o.a.j.t.JMeterThread: Thread finished: Teachers and learners 1-512
2026-10-04 20:59:40,533 INFO o.a.j.t.JMeterThread: Thread is done: Teachers and learners 1-469
2026-10-04 20:59:40,533 INFO o.a.j.t.JMeterThread: Thread finished: Teachers and learners 1-469
2026-10-04 20:59:40,587 INFO o.a.j.t.JMeterThread: Thread is done: Teachers and learners 1-501
2026-10-04 20:59:40,587 INFO o.a.j.t.JMeterThread: Thread finished: Teachers and learners 1-501
2026-10-04 20:59:40,695 INFO o.a.j.t.JMeterThread: Thread is done: Teachers and learners 1-497
2026-10-04 20:59:40,695 INFO o.a.j.t.JMeterThread: Thread finished: Teachers and learners 1-497
2026-10-04 20:59:40,850 INFO o.a.j.t.JMeterThread: Thread is done: Teachers and learners 1-437
2026-10-04 20:59:40,850 INFO o.a.j.t.JMeterThread: Thread finished: Teachers and learners 1-437
2026-10-04 20:59:40,945 INFO o.a.j.t.JMeterThread: Thread is done: Teachers and learners 1-505
2026-10-04 20:59:40,945 INFO o.a.j.t.JMeterThread: Thread finished: Teachers and learners 1-505
2026-10-04 20:59:40,957 INFO o.a.j.t.JMeterThread: Thread is done: Teachers and learners 1-490
2026-10-04 20:59:40,957 INFO o.a.j.t.JMeterThread: Thread finished: Teachers and learners 1-490
2026-10-04 20:59:40,976 INFO o.a.j.t.JMeterThread: Thread is done: Teachers and learners 1-510
2026-10-04 20:59:40,976 INFO o.a.j.t.JMeterThread: Thread finished: Teachers and learners 1-510
2026-10-04 20:59:40,982 INFO o.a.j.t.JMeterThread: Thread is done: Teachers and learners 1-494
2026-10-04 20:59:40,982 INFO o.a.j.t.JMeterThread: Thread finished: Teachers and learners 1-494
2026-10-04 20:59:41,197 INFO o.a.j.t.JMeterThread: Thread is done: Teachers and learners 1-508
2026-10-04 20:59:41,197 INFO o.a.j.t.JMeterThread: Thread finished: Teachers and learners 1-508
2026-10-04 20:59:41,332 INFO o.a.j.t.JMeterThread: Thread is done: Teachers and learners 1-529
2026-10-04 20:59:41,332 INFO o.a.j.t.JMeterThread: Thread finished: Teachers and learners 1-529
2026-10-04 20:59:41,374 INFO o.a.j.t.JMeterThread: Thread is done: Teachers and learners 1-535
2026-10-04 20:59:41,374 INFO o.a.j.t.JMeterThread: Thread finished: Teachers and learners 1-535
2026-10-04 20:59:41,512 INFO o.a.j.t.JMeterThread: Thread is done: Teachers and learners 1-500
2026-10-04 20:59:41,512 INFO o.a.j.t.JMeterThread: Thread finished: Teachers and learners 1-500
2026-10-04 20:59:41,540 INFO o.a.j.t.JMeterThread: Thread is done: Teachers and learners 1-491
2026-10-04 20:59:41,540 INFO o.a.j.t.JMeterThread: Thread finished: Teachers and learners 1-491
2026-10-04 20:59:41,555 INFO o.a.j.t.JMeterThread: Thread is done: Teachers and learners 1-503
2026-10-04 20:59:41,555 INFO o.a.j.t.JMeterThread: Thread finished: Teachers and learners 1-503
2026-10-04 20:59:41,564 INFO o.a.j.t.JMeterThread: Thread is done: Teachers and learners 1-509
2026-10-04 20:59:41,564 INFO o.a.j.t.JMeterThread: Thread finished: Teachers and learners 1-509
2026-10-04 20:59:41,570 INFO o.a.j.t.JMeterThread: Thread is done: Teachers and learners 1-513
2026-10-04 20:59:41,571 INFO o.a.j.t.JMeterThread: Thread finished: Teachers and learners 1-513
2026-10-04 20:59:41,734 INFO o.a.j.t.JMeterThread: Thread is done: Teachers and learners 1-511
2026-10-04 20:59:41,734 INFO o.a.j.t.JMeterThread: Thread finished: Teachers and learners 1-511
2026-10-04 20:59:41,906 INFO o.a.j.t.JMeterThread: Thread is done: Teachers and learners 1-482
2026-10-04 20:59:41,906 INFO o.a.j.t.JMeterThread: Thread finished: Teachers and learners 1-482
2026-10-04 20:59:41,987 INFO o.a.j.t.JMeterThread: Thread is done: Teachers and learners 1-514
2026-10-04 20:59:41,987 INFO o.a.j.t.JMeterThread: Thread finished: Teachers and learners 1-514
2026-10-04 20:59:42,265 INFO o.a.j.t.JMeterThread: Thread is done: Teachers and learners 1-520
2026-10-04 20:59:42,265 INFO o.a.j.t.JMeterThread: Thread finished: Teachers and learners 1-520
2026-10-04 20:59:42,272 INFO o.a.j.t.JMeterThread: Thread is done: Teachers and learners 1-526
2026-10-04 20:59:42,272 INFO o.a.j.t.JMeterThread: Thread finished: Teachers and learners 1-526
2026-10-04 20:59:42,277 INFO o.a.j.t.JMeterThread: Thread is done: Teachers and learners 1-498
2026-10-04 20:59:42,277 INFO o.a.j.t.JMeterThread: Thread finished: Teachers and learners 1-498
2026-10-04 20:59:42,313 INFO o.a.j.t.JMeterThread: Thread is done: Teachers and learners 1-519
2026-10-04 20:59:42,313 INFO o.a.j.t.JMeterThread: Thread finished: Teachers and learners 1-519
2026-10-04 20:59:42,360 INFO o.a.j.t.JMeterThread: Thread is done: Teachers and learners 1-524
2026-10-04 20:59:42,362 INFO o.a.j.t.JMeterThread: Thread finished: Teachers and learners 1-524
2026-10-04 20:59:42,630 INFO o.a.j.t.JMeterThread: Thread is done: Teachers and learners 1-504
2026-10-04 20:59:42,630 INFO o.a.j.t.JMeterThread: Thread finished: Teachers and learners 1-504
2026-10-04 20:59:42,710 INFO o.a.j.t.JMeterThread: Thread is done: Teachers and learners 1-518
2026-10-04 20:59:42,710 INFO o.a.j.t.JMeterThread: Thread finished: Teachers and learners 1-518
2026-10-04 20:59:42,718 INFO o.a.j.t.JMeterThread: Thread is done: Teachers and learners 1-523
2026-10-04 20:59:42,718 INFO o.a.j.t.JMeterThread: Thread finished: Teachers and learners 1-523
2026-10-04 20:59:42,724 INFO o.a.j.t.JMeterThread: Thread is done: Teachers and learners 1-522
2026-10-04 20:59:42,724 INFO o.a.j.t.JMeterThread: Thread finished: Teachers and learners 1-522
2026-10-04 20:59:42,839 INFO o.a.j.t.JMeterThread: Thread is done: Teachers and learners 1-516
2026-10-04 20:59:42,839 INFO o.a.j.t.JMeterThread: Thread finished: Teachers and learners 1-516
2026-10-04 20:59:42,977 INFO o.a.j.t.JMeterThread: Thread is done: Teachers and learners 1-521
2026-10-04 20:59:42,977 INFO o.a.j.t.JMeterThread: Thread finished: Teachers and learners 1-521
2026-10-04 20:59:43,177 INFO o.a.j.t.JMeterThread: Thread is done: Teachers and learners 1-553
2026-10-04 20:59:43,177 INFO o.a.j.t.JMeterThread: Thread finished: Teachers and learners 1-553
2026-10-04 20:59:43,324 INFO o.a.j.t.JMeterThread: Thread is done: Teachers and learners 1-525
2026-10-04 20:59:43,324 INFO o.a.j.t.JMeterThread: Thread finished: Teachers and learners 1-525
2026-10-04 20:59:43,731 INFO o.a.j.t.JMeterThread: Thread is done: Teachers and learners 1-563
2026-10-04 20:59:43,731 INFO o.a.j.t.JMeterThread: Thread finished: Teachers and learners 1-563
2026-10-04 20:59:44,036 INFO o.a.j.t.JMeterThread: Thread is done: Teachers and learners 1-559
2026-10-04 20:59:44,036 INFO o.a.j.t.JMeterThread: Thread finished: Teachers and learners 1-559
2026-10-04 20:59:44,065 INFO o.a.j.t.JMeterThread: Thread is done: Teachers and learners 1-561
2026-10-04 20:59:44,065 INFO o.a.j.t.JMeterThread: Thread finished: Teachers and learners 1-561
2026-10-04 20:59:44,135 INFO o.a.j.t.JMeterThread: Thread is done: Teachers and learners 1-478
2026-10-04 20:59:44,135 INFO o.a.j.t.JMeterThread: Thread finished: Teachers and learners 1-478
2026-10-04 20:59:44,149 INFO o.a.j.t.JMeterThread: Thread is done: Teachers and learners 1-552
2026-10-04 20:59:44,149 INFO o.a.j.t.JMeterThread: Thread finished: Teachers and learners 1-552
2026-10-04 20:59:44,188 INFO o.a.j.t.JMeterThread: Thread is done: Teachers and learners 1-543
2026-10-04 20:59:44,188 INFO o.a.j.t.JMeterThread: Thread finished: Teachers and learners 1-543
2026-10-04 20:59:44,631 INFO o.a.j.t.JMeterThread: Thread is done: Teachers and learners 1-546
2026-10-04 20:59:44,631 INFO o.a.j.t.JMeterThread: Thread finished: Teachers and learners 1-546
2026-10-04 20:59:44,709 INFO o.a.j.t.JMeterThread: Thread is done: Teachers and learners 1-547
2026-10-04 20:59:44,709 INFO o.a.j.t.JMeterThread: Thread finished: Teachers and learners 1-547
2026-10-04 20:59:44,730 INFO o.a.j.t.JMeterThread: Thread is done: Teachers and learners 1-536
2026-10-04 20:59:44,730 INFO o.a.j.t.JMeterThread: Thread finished: Teachers and learners 1-536
2026-10-04 20:59:44,756 INFO o.a.j.t.JMeterThread: Thread is done: Teachers and learners 1-557
2026-10-04 20:59:44,756 INFO o.a.j.t.JMeterThread: Thread finished: Teachers and learners 1-557
2026-10-04 20:59:44,770 INFO o.a.j.t.JMeterThread: Thread is done: Teachers and learners 1-541
2026-10-04 20:59:44,770 INFO o.a.j.t.JMeterThread: Thread finished: Teachers and learners 1-541
2026-10-04 20:59:44,879 INFO o.a.j.t.JMeterThread: Thread is done: Teachers and learners 1-562
2026-10-04 20:59:44,880 INFO o.a.j.t.JMeterThread: Thread finished: Teachers and learners 1-562
2026-10-04 20:59:45,117 INFO o.a.j.t.JMeterThread: Thread is done: Teachers and learners 1-531
2026-10-04 20:59:45,117 INFO o.a.j.t.JMeterThread: Thread finished: Teachers and learners 1-531
2026-10-04 20:59:45,232 INFO o.a.j.t.JMeterThread: Thread is done: Teachers and learners 1-538
2026-10-04 20:59:45,232 INFO o.a.j.t.JMeterThread: Thread finished: Teachers and learners 1-538
2026-10-04 20:59:45,273 INFO o.a.j.t.JMeterThread: Thread is done: Teachers and learners 1-550
2026-10-04 20:59:45,275 INFO o.a.j.t.JMeterThread: Thread finished: Teachers and learners 1-550
2026-10-04 20:59:45,381 INFO o.a.j.t.JMeterThread: Thread is done: Teachers and learners 1-568
2026-10-04 20:59:45,381 INFO o.a.j.t.JMeterThread: Thread finished: Teachers and learners 1-568
2026-10-04 20:59:45,414 INFO o.a.j.t.JMeterThread: Thread is done: Teachers and learners 1-588
2026-10-04 20:59:45,414 INFO o.a.j.t.JMeterThread: Thread finished: Teachers and learners 1-588
2026-10-04 20:59:45,450 INFO o.a.j.t.JMeterThread: Thread is done: Teachers and learners 1-534
2026-10-04 20:59:45,450 INFO o.a.j.t.JMeterThread: Thread finished: Teachers and learners 1-534
2026-10-04 20:59:45,467 INFO o.a.j.t.JMeterThread: Thread is done: Teachers and learners 1-528
2026-10-04 20:59:45,467 INFO o.a.j.t.JMeterThread: Thread finished: Teachers and learners 1-528
2026-10-04 20:59:45,626 INFO o.a.j.t.JMeterThread: Thread is done: Teachers and learners 1-548
2026-10-04 20:59:45,626 INFO o.a.j.t.JMeterThread: Thread finished: Teachers and learners 1-548
2026-10-04 20:59:45,701 INFO o.a.j.t.JMeterThread: Thread is done: Teachers and learners 1-542
2026-10-04 20:59:45,701 INFO o.a.j.t.JMeterThread: Thread finished: Teachers and learners 1-542
2026-10-04 20:59:45,723 INFO o.a.j.t.JMeterThread: Thread is done: Teachers and learners 1-537
2026-10-04 20:59:45,723 INFO o.a.j.t.JMeterThread: Thread finished: Teachers and learners 1-537
2026-10-04 20:59:46,002 INFO o.a.j.t.JMeterThread: Thread is done: Teachers and learners 1-533
2026-10-04 20:59:46,002 INFO o.a.j.t.JMeterThread: Thread finished: Teachers and learners 1-533
2026-10-04 20:59:46,211 INFO o.a.j.t.JMeterThread: Thread is done: Teachers and learners 1-555
2026-10-04 20:59:46,211 INFO o.a.j.t.JMeterThread: Thread finished: Teachers and learners 1-555
2026-10-04 20:59:46,307 INFO o.a.j.t.JMeterThread: Thread is done: Teachers and learners 1-556
2026-10-04 20:59:46,307 INFO o.a.j.t.JMeterThread: Thread finished: Teachers and learners 1-556
2026-10-04 20:59:46,339 INFO o.a.j.t.JMeterThread: Thread is done: Teachers and learners 1-527
2026-10-04 20:59:46,339 INFO o.a.j.t.JMeterThread: Thread finished: Teachers and learners 1-527
2026-10-04 20:59:46,615 INFO o.a.j.t.JMeterThread: Thread is done: Teachers and learners 1-540
2026-10-04 20:59:46,615 INFO o.a.j.t.JMeterThread: Thread finished: Teachers and learners 1-540
2026-10-04 20:59:46,638 INFO o.a.j.t.JMeterThread: Thread is done: Teachers and learners 1-549
2026-10-04 20:59:46,638 INFO o.a.j.t.JMeterThread: Thread finished: Teachers and learners 1-549
2026-10-04 20:59:46,652 INFO o.a.j.t.JMeterThread: Thread is done: Teachers and learners 1-539
2026-10-04 20:59:46,652 INFO o.a.j.t.JMeterThread: Thread finished: Teachers and learners 1-539
2026-10-04 20:59:46,728 INFO o.a.j.t.JMeterThread: Thread is done: Teachers and learners 1-551
2026-10-04 20:59:46,728 INFO o.a.j.t.JMeterThread: Thread finished: Teachers and learners 1-551
2026-10-04 20:59:46,970 INFO o.a.j.t.JMeterThread: Thread is done: Teachers and learners 1-560
2026-10-04 20:59:46,970 INFO o.a.j.t.JMeterThread: Thread finished: Teachers and learners 1-560
2026-10-04 20:59:47,086 INFO o.a.j.t.JMeterThread: Thread is done: Teachers and learners 1-544
2026-10-04 20:59:47,086 INFO o.a.j.t.JMeterThread: Thread finished: Teachers and learners 1-544
2026-10-04 20:59:47,241 INFO o.a.j.t.JMeterThread: Thread is done: Teachers and learners 1-545
2026-10-04 20:59:47,241 INFO o.a.j.t.JMeterThread: Thread finished: Teachers and learners 1-545
2026-10-04 20:59:47,250 INFO o.a.j.t.JMeterThread: Thread is done: Teachers and learners 1-593
2026-10-04 20:59:47,250 INFO o.a.j.t.JMeterThread: Thread finished: Teachers and learners 1-593
2026-10-04 20:59:47,328 INFO o.a.j.t.JMeterThread: Thread is done: Teachers and learners 1-573
2026-10-04 20:59:47,328 INFO o.a.j.t.JMeterThread: Thread finished: Teachers and learners 1-573
2026-10-04 20:59:47,417 INFO o.a.j.t.JMeterThread: Thread is done: Teachers and learners 1-554
2026-10-04 20:59:47,417 INFO o.a.j.t.JMeterThread: Thread finished: Teachers and learners 1-554
2026-10-04 20:59:47,424 INFO o.a.j.t.JMeterThread: Thread is done: Teachers and learners 1-566
2026-10-04 20:59:47,424 INFO o.a.j.t.JMeterThread: Thread finished: Teachers and learners 1-566
2026-10-04 20:59:47,743 INFO o.a.j.t.JMeterThread: Thread is done: Teachers and learners 1-567
2026-10-04 20:59:47,743 INFO o.a.j.t.JMeterThread: Thread finished: Teachers and learners 1-567
2026-10-04 20:59:47,822 INFO o.a.j.t.JMeterThread: Thread is done: Teachers and learners 1-600
2026-10-04 20:59:47,822 INFO o.a.j.t.JMeterThread: Thread finished: Teachers and learners 1-600
2026-10-04 20:59:47,961 INFO o.a.j.t.JMeterThread: Thread is done: Teachers and learners 1-582
2026-10-04 20:59:47,961 INFO o.a.j.t.JMeterThread: Thread finished: Teachers and learners 1-582
2026-10-04 20:59:47,968 INFO o.a.j.t.JMeterThread: Thread is done: Teachers and learners 1-572
2026-10-04 20:59:47,968 INFO o.a.j.t.JMeterThread: Thread finished: Teachers and learners 1-572
2026-10-04 20:59:48,137 INFO o.a.j.t.JMeterThread: Thread is done: Teachers and learners 1-598
2026-10-04 20:59:48,137 INFO o.a.j.t.JMeterThread: Thread finished: Teachers and learners 1-598
2026-10-04 20:59:48,162 INFO o.a.j.t.JMeterThread: Thread is done: Teachers and learners 1-569
2026-10-04 20:59:48,162 INFO o.a.j.t.JMeterThread: Thread finished: Teachers and learners 1-569
2026-10-04 20:59:48,182 INFO o.a.j.t.JMeterThread: Thread is done: Teachers and learners 1-580
2026-10-04 20:59:48,182 INFO o.a.j.t.JMeterThread: Thread finished: Teachers and learners 1-580
2026-10-04 20:59:48,241 INFO o.a.j.t.JMeterThread: Thread is done: Teachers and learners 1-614
2026-10-04 20:59:48,241 INFO o.a.j.t.JMeterThread: Thread finished: Teachers and learners 1-614
2026-10-04 20:59:48,286 INFO o.a.j.t.JMeterThread: Thread is done: Teachers and learners 1-595
2026-10-04 20:59:48,287 INFO o.a.j.t.JMeterThread: Thread finished: Teachers and learners 1-595
2026-10-04 20:59:48,293 INFO o.a.j.t.JMeterThread: Thread is done: Teachers and learners 1-589
2026-10-04 20:59:48,293 INFO o.a.j.t.JMeterThread: Thread finished: Teachers and learners 1-589
2026-10-04 20:59:48,327 INFO o.a.j.t.JMeterThread: Thread is done: Teachers and learners 1-584
2026-10-04 20:59:48,327 INFO o.a.j.t.JMeterThread: Thread finished: Teachers and learners 1-584
2026-10-04 20:59:48,365 INFO o.a.j.t.JMeterThread: Thread is done: Teachers and learners 1-578
2026-10-04 20:59:48,365 INFO o.a.j.t.JMeterThread: Thread finished: Teachers and learners 1-578
2026-10-04 20:59:48,529 INFO o.a.j.t.JMeterThread: Thread is done: Teachers and learners 1-574
2026-10-04 20:59:48,529 INFO o.a.j.t.JMeterThread: Thread finished: Teachers and learners 1-574
2026-10-04 20:59:48,550 INFO o.a.j.t.JMeterThread: Thread is done: Teachers and learners 1-601
2026-10-04 20:59:48,550 INFO o.a.j.t.JMeterThread: Thread finished: Teachers and learners 1-601
2026-10-04 20:59:48,583 INFO o.a.j.t.JMeterThread: Thread is done: Teachers and learners 1-576
2026-10-04 20:59:48,583 INFO o.a.j.t.JMeterThread: Thread finished: Teachers and learners 1-576
2026-10-04 20:59:48,614 INFO o.a.j.t.JMeterThread: Thread is done: Teachers and learners 1-597
2026-10-04 20:59:48,614 INFO o.a.j.t.JMeterThread: Thread finished: Teachers and learners 1-597
2026-10-04 20:59:48,660 INFO o.a.j.t.JMeterThread: Thread is done: Teachers and learners 1-590
2026-10-04 20:59:48,660 INFO o.a.j.t.JMeterThread: Thread finished: Teachers and learners 1-590
2026-10-04 20:59:48,755 INFO o.a.j.t.JMeterThread: Thread is done: Teachers and learners 1-599
2026-10-04 20:59:48,755 INFO o.a.j.t.JMeterThread: Thread finished: Teachers and learners 1-599
2026-10-04 20:59:48,891 INFO o.a.j.t.JMeterThread: Thread is done: Teachers and learners 1-585
2026-10-04 20:59:48,891 INFO o.a.j.t.JMeterThread: Thread finished: Teachers and learners 1-585
2026-10-04 20:59:48,901 INFO o.a.j.t.JMeterThread: Thread is done: Teachers and learners 1-602
2026-10-04 20:59:48,901 INFO o.a.j.t.JMeterThread: Thread finished: Teachers and learners 1-602
2026-10-04 20:59:48,908 INFO o.a.j.t.JMeterThread: Thread is done: Teachers and learners 1-577
2026-10-04 20:59:48,908 INFO o.a.j.t.JMeterThread: Thread finished: Teachers and learners 1-577
2026-10-04 20:59:48,914 INFO o.a.j.t.JMeterThread: Thread is done: Teachers and learners 1-596
2026-10-04 20:59:48,914 INFO o.a.j.t.JMeterThread: Thread finished: Teachers and learners 1-596
2026-10-04 20:59:48,921 INFO o.a.j.t.JMeterThread: Thread is done: Teachers and learners 1-570
2026-10-04 20:59:48,921 INFO o.a.j.t.JMeterThread: Thread finished: Teachers and learners 1-570
2026-10-04 20:59:49,213 INFO o.a.j.t.JMeterThread: Thread is done: Teachers and learners 1-607
2026-10-04 20:59:49,213 INFO o.a.j.t.JMeterThread: Thread finished: Teachers and learners 1-607
2026-10-04 20:59:49,305 INFO o.a.j.t.JMeterThread: Thread is done: Teachers and learners 1-575
2026-10-04 20:59:49,310 INFO o.a.j.t.JMeterThread: Thread finished: Teachers and learners 1-575
2026-10-04 20:59:49,324 INFO o.a.j.t.JMeterThread: Thread is done: Teachers and learners 1-608
2026-10-04 20:59:49,324 INFO o.a.j.t.JMeterThread: Thread finished: Teachers and learners 1-608
2026-10-04 20:59:49,336 INFO o.a.j.t.JMeterThread: Thread is done: Teachers and learners 1-583
2026-10-04 20:59:49,336 INFO o.a.j.t.JMeterThread: Thread finished: Teachers and learners 1-583
2026-10-04 20:59:49,349 INFO o.a.j.t.JMeterThread: Thread is done: Teachers and learners 1-571
2026-10-04 20:59:49,349 INFO o.a.j.t.JMeterThread: Thread finished: Teachers and learners 1-571
2026-10-04 20:59:49,366 INFO o.a.j.t.JMeterThread: Thread is done: Teachers and learners 1-565
2026-10-04 20:59:49,366 INFO o.a.j.t.JMeterThread: Thread finished: Teachers and learners 1-565
2026-10-04 20:59:49,384 INFO o.a.j.t.JMeterThread: Thread is done: Teachers and learners 1-594
2026-10-04 20:59:49,384 INFO o.a.j.t.JMeterThread: Thread finished: Teachers and learners 1-594
2026-10-04 20:59:49,404 INFO o.a.j.t.JMeterThread: Thread is done: Teachers and learners 1-581
2026-10-04 20:59:49,404 INFO o.a.j.t.JMeterThread: Thread finished: Teachers and learners 1-581
2026-10-04 20:59:49,412 INFO o.a.j.t.JMeterThread: Thread is done: Teachers and learners 1-592
2026-10-04 20:59:49,413 INFO o.a.j.t.JMeterThread: Thread finished: Teachers and learners 1-592
2026-10-04 20:59:49,421 INFO o.a.j.t.JMeterThread: Thread is done: Teachers and learners 1-532
2026-10-04 20:59:49,421 INFO o.a.j.t.JMeterThread: Thread finished: Teachers and learners 1-532
2026-10-04 20:59:49,442 INFO o.a.j.t.JMeterThread: Thread is done: Teachers and learners 1-591
2026-10-04 20:59:49,442 INFO o.a.j.t.JMeterThread: Thread finished: Teachers and learners 1-591
2026-10-04 20:59:49,497 INFO o.a.j.t.JMeterThread: Thread is done: Teachers and learners 1-611
2026-10-04 20:59:49,497 INFO o.a.j.t.JMeterThread: Thread finished: Teachers and learners 1-611
2026-10-04 20:59:49,585 INFO o.a.j.t.JMeterThread: Thread is done: Teachers and learners 1-605
2026-10-04 20:59:49,585 INFO o.a.j.t.JMeterThread: Thread finished: Teachers and learners 1-605
2026-10-04 20:59:49,656 INFO o.a.j.t.JMeterThread: Thread is done: Teachers and learners 1-619
2026-10-04 20:59:49,656 INFO o.a.j.t.JMeterThread: Thread finished: Teachers and learners 1-619
2026-10-04 20:59:49,717 INFO o.a.j.t.JMeterThread: Thread is done: Teachers and learners 1-579
2026-10-04 20:59:49,717 INFO o.a.j.t.JMeterThread: Thread finished: Teachers and learners 1-579
2026-10-04 20:59:49,726 INFO o.a.j.t.JMeterThread: Thread is done: Teachers and learners 1-558
2026-10-04 20:59:49,726 INFO o.a.j.t.JMeterThread: Thread finished: Teachers and learners 1-558
2026-10-04 20:59:49,750 INFO o.a.j.t.JMeterThread: Thread is done: Teachers and learners 1-586
2026-10-04 20:59:49,750 INFO o.a.j.t.JMeterThread: Thread finished: Teachers and learners 1-586
2026-10-04 20:59:49,816 INFO o.a.j.t.JMeterThread: Thread is done: Teachers and learners 1-564
2026-10-04 20:59:49,816 INFO o.a.j.t.JMeterThread: Thread finished: Teachers and learners 1-564
2026-10-04 20:59:50,189 INFO o.a.j.t.JMeterThread: Thread is done: Teachers and learners 1-618
2026-10-04 20:59:50,189 INFO o.a.j.t.JMeterThread: Thread finished: Teachers and learners 1-618
2026-10-04 20:59:50,199 INFO o.a.j.t.JMeterThread: Thread is done: Teachers and learners 1-628
2026-10-04 20:59:50,199 INFO o.a.j.t.JMeterThread: Thread finished: Teachers and learners 1-628
2026-10-04 20:59:50,213 INFO o.a.j.t.JMeterThread: Thread is done: Teachers and learners 1-634
2026-10-04 20:59:50,213 INFO o.a.j.t.JMeterThread: Thread finished: Teachers and learners 1-634
2026-10-04 20:59:50,222 INFO o.a.j.t.JMeterThread: Thread is done: Teachers and learners 1-613
2026-10-04 20:59:50,222 INFO o.a.j.t.JMeterThread: Thread finished: Teachers and learners 1-613
2026-10-04 20:59:50,229 INFO o.a.j.t.JMeterThread: Thread is done: Teachers and learners 1-631
2026-10-04 20:59:50,229 INFO o.a.j.t.JMeterThread: Thread finished: Teachers and learners 1-631
2026-10-04 20:59:50,236 INFO o.a.j.t.JMeterThread: Thread is done: Teachers and learners 1-606
2026-10-04 20:59:50,236 INFO o.a.j.t.JMeterThread: Thread finished: Teachers and learners 1-606
2026-10-04 20:59:50,286 INFO o.a.j.t.JMeterThread: Thread is done: Teachers and learners 1-640
2026-10-04 20:59:50,286 INFO o.a.j.t.JMeterThread: Thread finished: Teachers and learners 1-640
2026-10-04 20:59:50,373 INFO o.a.j.t.JMeterThread: Thread is done: Teachers and learners 1-629
2026-10-04 20:59:50,373 INFO o.a.j.t.JMeterThread: Thread finished: Teachers and learners 1-629
2026-10-04 20:59:50,380 INFO o.a.j.t.JMeterThread: Thread is done: Teachers and learners 1-622
2026-10-04 20:59:50,380 INFO o.a.j.t.JMeterThread: Thread finished: Teachers and learners 1-622
2026-10-04 20:59:50,451 INFO o.a.j.t.JMeterThread: Thread is done: Teachers and learners 1-626
2026-10-04 20:59:50,451 INFO o.a.j.t.JMeterThread: Thread finished: Teachers and learners 1-626
2026-10-04 20:59:50,457 INFO o.a.j.t.JMeterThread: Thread is done: Teachers and learners 1-658
2026-10-04 20:59:50,457 INFO o.a.j.t.JMeterThread: Thread finished: Teachers and learners 1-658
2026-10-04 20:59:50,502 INFO o.a.j.t.JMeterThread: Thread is done: Teachers and learners 1-603
2026-10-04 20:59:50,502 INFO o.a.j.t.JMeterThread: Thread finished: Teachers and learners 1-603
2026-10-04 20:59:50,511 INFO o.a.j.t.JMeterThread: Thread is done: Teachers and learners 1-653
2026-10-04 20:59:50,511 INFO o.a.j.t.JMeterThread: Thread finished: Teachers and learners 1-653
2026-10-04 20:59:50,660 INFO o.a.j.t.JMeterThread: Thread is done: Teachers and learners 1-650
2026-10-04 20:59:50,662 INFO o.a.j.t.JMeterThread: Thread finished: Teachers and learners 1-650
2026-10-04 20:59:50,706 INFO o.a.j.t.JMeterThread: Thread is done: Teachers and learners 1-623
2026-10-04 20:59:50,706 INFO o.a.j.t.JMeterThread: Thread finished: Teachers and learners 1-623
2026-10-04 20:59:50,714 INFO o.a.j.t.JMeterThread: Thread is done: Teachers and learners 1-636
2026-10-04 20:59:50,714 INFO o.a.j.t.JMeterThread: Thread finished: Teachers and learners 1-636
2026-10-04 20:59:50,740 INFO o.a.j.t.JMeterThread: Thread is done: Teachers and learners 1-610
2026-10-04 20:59:50,740 INFO o.a.j.t.JMeterThread: Thread finished: Teachers and learners 1-610
2026-10-04 20:59:50,746 INFO o.a.j.t.JMeterThread: Thread is done: Teachers and learners 1-621
2026-10-04 20:59:50,746 INFO o.a.j.t.JMeterThread: Thread finished: Teachers and learners 1-621
2026-10-04 20:59:50,762 INFO o.a.j.t.JMeterThread: Thread is done: Teachers and learners 1-638
2026-10-04 20:59:50,762 INFO o.a.j.t.JMeterThread: Thread finished: Teachers and learners 1-638
2026-10-04 20:59:50,777 INFO o.a.j.t.JMeterThread: Thread is done: Teachers and learners 1-616
2026-10-04 20:59:50,777 INFO o.a.j.t.JMeterThread: Thread finished: Teachers and learners 1-616
2026-10-04 20:59:50,795 INFO o.a.j.t.JMeterThread: Thread is done: Teachers and learners 1-644
2026-10-04 20:59:50,795 INFO o.a.j.t.JMeterThread: Thread finished: Teachers and learners 1-644
2026-10-04 20:59:50,856 INFO o.a.j.t.JMeterThread: Thread is done: Teachers and learners 1-625
2026-10-04 20:59:50,856 INFO o.a.j.t.JMeterThread: Thread finished: Teachers and learners 1-625
2026-10-04 20:59:50,864 INFO o.a.j.t.JMeterThread: Thread is done: Teachers and learners 1-630
2026-10-04 20:59:50,864 INFO o.a.j.t.JMeterThread: Thread finished: Teachers and learners 1-630
2026-10-04 20:59:50,965 INFO o.a.j.t.JMeterThread: Thread is done: Teachers and learners 1-627
2026-10-04 20:59:50,965 INFO o.a.j.t.JMeterThread: Thread finished: Teachers and learners 1-627
2026-10-04 20:59:50,983 INFO o.a.j.t.JMeterThread: Thread is done: Teachers and learners 1-637
2026-10-04 20:59:50,983 INFO o.a.j.t.JMeterThread: Thread finished: Teachers and learners 1-637
2026-10-04 20:59:51,054 INFO o.a.j.t.JMeterThread: Thread is done: Teachers and learners 1-639
2026-10-04 20:59:51,054 INFO o.a.j.t.JMeterThread: Thread finished: Teachers and learners 1-639
2026-10-04 20:59:51,163 INFO o.a.j.t.JMeterThread: Thread is done: Teachers and learners 1-642
2026-10-04 20:59:51,163 INFO o.a.j.t.JMeterThread: Thread finished: Teachers and learners 1-642
2026-10-04 20:59:51,174 INFO o.a.j.t.JMeterThread: Thread is done: Teachers and learners 1-641
2026-10-04 20:59:51,174 INFO o.a.j.t.JMeterThread: Thread finished: Teachers and learners 1-641
2026-10-04 20:59:51,191 INFO o.a.j.t.JMeterThread: Thread is done: Teachers and learners 1-587
2026-10-04 20:59:51,191 INFO o.a.j.t.JMeterThread: Thread finished: Teachers and learners 1-587
2026-10-04 20:59:51,201 INFO o.a.j.t.JMeterThread: Thread is done: Teachers and learners 1-620
2026-10-04 20:59:51,201 INFO o.a.j.t.JMeterThread: Thread finished: Teachers and learners 1-620
2026-10-04 20:59:51,211 INFO o.a.j.t.JMeterThread: Thread is done: Teachers and learners 1-624
2026-10-04 20:59:51,211 INFO o.a.j.t.JMeterThread: Thread finished: Teachers and learners 1-624
2026-10-04 20:59:51,405 INFO o.a.j.t.JMeterThread: Thread is done: Teachers and learners 1-672
2026-10-04 20:59:51,405 INFO o.a.j.t.JMeterThread: Thread finished: Teachers and learners 1-672
2026-10-04 20:59:51,496 INFO o.a.j.t.JMeterThread: Thread is done: Teachers and learners 1-615
2026-10-04 20:59:51,496 INFO o.a.j.t.JMeterThread: Thread finished: Teachers and learners 1-615
2026-10-04 20:59:51,571 INFO o.a.j.t.JMeterThread: Thread is done: Teachers and learners 1-649
2026-10-04 20:59:51,571 INFO o.a.j.t.JMeterThread: Thread finished: Teachers and learners 1-649
2026-10-04 20:59:51,679 INFO o.a.j.t.JMeterThread: Thread is done: Teachers and learners 1-647
2026-10-04 20:59:51,679 INFO o.a.j.t.JMeterThread: Thread finished: Teachers and learners 1-647
2026-10-04 20:59:51,705 INFO o.a.j.t.JMeterThread: Thread is done: Teachers and learners 1-643
2026-10-04 20:59:51,705 INFO o.a.j.t.JMeterThread: Thread finished: Teachers and learners 1-643
2026-10-04 20:59:51,725 INFO o.a.j.t.JMeterThread: Thread is done: Teachers and learners 1-662
2026-10-04 20:59:51,725 INFO o.a.j.t.JMeterThread: Thread finished: Teachers and learners 1-662
2026-10-04 20:59:51,898 INFO o.a.j.t.JMeterThread: Thread is done: Teachers and learners 1-674
2026-10-04 20:59:51,898 INFO o.a.j.t.JMeterThread: Thread finished: Teachers and learners 1-674
2026-10-04 20:59:51,908 INFO o.a.j.t.JMeterThread: Thread is done: Teachers and learners 1-668
2026-10-04 20:59:51,908 INFO o.a.j.t.JMeterThread: Thread finished: Teachers and learners 1-668
2026-10-04 20:59:51,919 INFO o.a.j.t.JMeterThread: Thread is done: Teachers and learners 1-633
2026-10-04 20:59:51,919 INFO o.a.j.t.JMeterThread: Thread finished: Teachers and learners 1-633
2026-10-04 20:59:51,942 INFO o.a.j.t.JMeterThread: Thread is done: Teachers and learners 1-671
2026-10-04 20:59:51,943 INFO o.a.j.t.JMeterThread: Thread finished: Teachers and learners 1-671
2026-10-04 20:59:51,960 INFO o.a.j.t.JMeterThread: Thread is done: Teachers and learners 1-652
2026-10-04 20:59:51,960 INFO o.a.j.t.JMeterThread: Thread finished: Teachers and learners 1-652
2026-10-04 20:59:52,027 INFO o.a.j.t.JMeterThread: Thread is done: Teachers and learners 1-609
2026-10-04 20:59:52,033 INFO o.a.j.t.JMeterThread: Thread finished: Teachers and learners 1-609
2026-10-04 20:59:52,060 INFO o.a.j.t.JMeterThread: Thread is done: Teachers and learners 1-656
2026-10-04 20:59:52,060 INFO o.a.j.t.JMeterThread: Thread finished: Teachers and learners 1-656
2026-10-04 20:59:52,087 INFO o.a.j.t.JMeterThread: Thread is done: Teachers and learners 1-696
2026-10-04 20:59:52,087 INFO o.a.j.t.JMeterThread: Thread finished: Teachers and learners 1-696
2026-10-04 20:59:52,247 INFO o.a.j.t.JMeterThread: Thread is done: Teachers and learners 1-632
2026-10-04 20:59:52,247 INFO o.a.j.t.JMeterThread: Thread finished: Teachers and learners 1-632
2026-10-04 20:59:52,260 INFO o.a.j.t.JMeterThread: Thread is done: Teachers and learners 1-660
2026-10-04 20:59:52,260 INFO o.a.j.t.JMeterThread: Thread finished: Teachers and learners 1-660
2026-10-04 20:59:52,282 INFO o.a.j.t.JMeterThread: Thread is done: Teachers and learners 1-693
2026-10-04 20:59:52,282 INFO o.a.j.t.JMeterThread: Thread finished: Teachers and learners 1-693
2026-10-04 20:59:52,323 INFO o.a.j.t.JMeterThread: Thread is done: Teachers and learners 1-691
2026-10-04 20:59:52,323 INFO o.a.j.t.JMeterThread: Thread finished: Teachers and learners 1-691
2026-10-04 20:59:52,552 INFO o.a.j.t.JMeterThread: Thread is done: Teachers and learners 1-666
2026-10-04 20:59:52,552 INFO o.a.j.t.JMeterThread: Thread finished: Teachers and learners 1-666
2026-10-04 20:59:52,775 INFO o.a.j.t.JMeterThread: Thread is done: Teachers and learners 1-673
2026-10-04 20:59:52,775 INFO o.a.j.t.JMeterThread: Thread finished: Teachers and learners 1-673
2026-10-04 20:59:52,786 INFO o.a.j.t.JMeterThread: Thread is done: Teachers and learners 1-675
2026-10-04 20:59:52,786 INFO o.a.j.t.JMeterThread: Thread finished: Teachers and learners 1-675
2026-10-04 20:59:52,798 INFO o.a.j.t.JMeterThread: Thread is done: Teachers and learners 1-604
2026-10-04 20:59:52,798 INFO o.a.j.t.JMeterThread: Thread finished: Teachers and learners 1-604
2026-10-04 20:59:52,807 INFO o.a.j.t.JMeterThread: Thread is done: Teachers and learners 1-667
2026-10-04 20:59:52,807 INFO o.a.j.t.JMeterThread: Thread finished: Teachers and learners 1-667
2026-10-04 20:59:52,815 INFO o.a.j.t.JMeterThread: Thread is done: Teachers and learners 1-612
2026-10-04 20:59:52,815 INFO o.a.j.t.JMeterThread: Thread finished: Teachers and learners 1-612
2026-10-04 20:59:52,825 INFO o.a.j.t.JMeterThread: Thread is done: Teachers and learners 1-681
2026-10-04 20:59:52,825 INFO o.a.j.t.JMeterThread: Thread finished: Teachers and learners 1-681
2026-10-04 20:59:52,835 INFO o.a.j.t.JMeterThread: Thread is done: Teachers and learners 1-676
2026-10-04 20:59:52,835 INFO o.a.j.t.JMeterThread: Thread finished: Teachers and learners 1-676
2026-10-04 20:59:52,848 INFO o.a.j.t.JMeterThread: Thread is done: Teachers and learners 1-648
2026-10-04 20:59:52,848 INFO o.a.j.t.JMeterThread: Thread finished: Teachers and learners 1-648
2026-10-04 20:59:52,937 INFO o.a.j.t.JMeterThread: Thread is done: Teachers and learners 1-635
2026-10-04 20:59:52,937 INFO o.a.j.t.JMeterThread: Thread finished: Teachers and learners 1-635
2026-10-04 20:59:52,955 INFO o.a.j.t.JMeterThread: Thread is done: Teachers and learners 1-685
2026-10-04 20:59:52,955 INFO o.a.j.t.JMeterThread: Thread finished: Teachers and learners 1-685
2026-10-04 20:59:53,077 INFO o.a.j.t.JMeterThread: Thread is done: Teachers and learners 1-657
2026-10-04 20:59:53,077 INFO o.a.j.t.JMeterThread: Thread finished: Teachers and learners 1-657
2026-10-04 20:59:53,096 INFO o.a.j.t.JMeterThread: Thread is done: Teachers and learners 1-665
2026-10-04 20:59:53,096 INFO o.a.j.t.JMeterThread: Thread finished: Teachers and learners 1-665
2026-10-04 20:59:53,108 INFO o.a.j.t.JMeterThread: Thread is done: Teachers and learners 1-678
2026-10-04 20:59:53,108 INFO o.a.j.t.JMeterThread: Thread finished: Teachers and learners 1-678
2026-10-04 20:59:53,179 INFO o.a.j.t.JMeterThread: Thread is done: Teachers and learners 1-684
2026-10-04 20:59:53,179 INFO o.a.j.t.JMeterThread: Thread finished: Teachers and learners 1-684
2026-10-04 20:59:53,210 INFO o.a.j.t.JMeterThread: Thread is done: Teachers and learners 1-651
2026-10-04 20:59:53,210 INFO o.a.j.t.JMeterThread: Thread finished: Teachers and learners 1-651
2026-10-04 20:59:53,274 INFO o.a.j.t.JMeterThread: Thread is done: Teachers and learners 1-655
2026-10-04 20:59:53,274 INFO o.a.j.t.JMeterThread: Thread finished: Teachers and learners 1-655
2026-10-04 20:59:53,311 INFO o.a.j.t.JMeterThread: Thread is done: Teachers and learners 1-617
2026-10-04 20:59:53,311 INFO o.a.j.t.JMeterThread: Thread finished: Teachers and learners 1-617
2026-10-04 20:59:53,415 INFO o.a.j.t.JMeterThread: Thread is done: Teachers and learners 1-677
2026-10-04 20:59:53,415 INFO o.a.j.t.JMeterThread: Thread finished: Teachers and learners 1-677
2026-10-04 20:59:53,426 INFO o.a.j.t.JMeterThread: Thread is done: Teachers and learners 1-725
2026-10-04 20:59:53,426 INFO o.a.j.t.JMeterThread: Thread finished: Teachers and learners 1-725
2026-10-04 20:59:53,455 INFO o.a.j.t.JMeterThread: Thread is done: Teachers and learners 1-661
2026-10-04 20:59:53,455 INFO o.a.j.t.JMeterThread: Thread finished: Teachers and learners 1-661
2026-10-04 20:59:53,469 INFO o.a.j.t.JMeterThread: Thread is done: Teachers and learners 1-694
2026-10-04 20:59:53,469 INFO o.a.j.t.JMeterThread: Thread finished: Teachers and learners 1-694
2026-10-04 20:59:53,485 INFO o.a.j.t.JMeterThread: Thread is done: Teachers and learners 1-664
2026-10-04 20:59:53,485 INFO o.a.j.t.JMeterThread: Thread finished: Teachers and learners 1-664
2026-10-04 20:59:53,494 INFO o.a.j.t.JMeterThread: Thread is done: Teachers and learners 1-645
2026-10-04 20:59:53,494 INFO o.a.j.t.JMeterThread: Thread finished: Teachers and learners 1-645
2026-10-04 20:59:53,660 INFO o.a.j.t.JMeterThread: Thread is done: Teachers and learners 1-669
2026-10-04 20:59:53,660 INFO o.a.j.t.JMeterThread: Thread finished: Teachers and learners 1-669
2026-10-04 20:59:53,720 INFO o.a.j.t.JMeterThread: Thread is done: Teachers and learners 1-646
2026-10-04 20:59:53,720 INFO o.a.j.t.JMeterThread: Thread finished: Teachers and learners 1-646
2026-10-04 20:59:53,819 INFO o.a.j.t.JMeterThread: Thread is done: Teachers and learners 1-722
2026-10-04 20:59:53,819 INFO o.a.j.t.JMeterThread: Thread finished: Teachers and learners 1-722
2026-10-04 20:59:53,951 INFO o.a.j.t.JMeterThread: Thread is done: Teachers and learners 1-659
2026-10-04 20:59:53,951 INFO o.a.j.t.JMeterThread: Thread finished: Teachers and learners 1-659
2026-10-04 20:59:54,015 INFO o.a.j.t.JMeterThread: Thread is done: Teachers and learners 1-683
2026-10-04 20:59:54,015 INFO o.a.j.t.JMeterThread: Thread finished: Teachers and learners 1-683
2026-10-04 20:59:54,026 INFO o.a.j.t.JMeterThread: Thread is done: Teachers and learners 1-680
2026-10-04 20:59:54,026 INFO o.a.j.t.JMeterThread: Thread finished: Teachers and learners 1-680
2026-10-04 20:59:54,065 INFO o.a.j.t.JMeterThread: Thread is done: Teachers and learners 1-682
2026-10-04 20:59:54,065 INFO o.a.j.t.JMeterThread: Thread finished: Teachers and learners 1-682
2026-10-04 20:59:54,095 INFO o.a.j.t.JMeterThread: Thread is done: Teachers and learners 1-654
2026-10-04 20:59:54,095 INFO o.a.j.t.JMeterThread: Thread finished: Teachers and learners 1-654
2026-10-04 20:59:54,114 INFO o.a.j.t.JMeterThread: Thread is done: Teachers and learners 1-727
2026-10-04 20:59:54,114 INFO o.a.j.t.JMeterThread: Thread finished: Teachers and learners 1-727
2026-10-04 20:59:54,134 INFO o.a.j.t.JMeterThread: Thread is done: Teachers and learners 1-690
2026-10-04 20:59:54,134 INFO o.a.j.t.JMeterThread: Thread finished: Teachers and learners 1-690
2026-10-04 20:59:54,408 INFO o.a.j.t.JMeterThread: Thread is done: Teachers and learners 1-736
2026-10-04 20:59:54,408 INFO o.a.j.t.JMeterThread: Thread finished: Teachers and learners 1-736
2026-10-04 20:59:54,430 INFO o.a.j.t.JMeterThread: Thread is done: Teachers and learners 1-718
2026-10-04 20:59:54,430 INFO o.a.j.t.JMeterThread: Thread finished: Teachers and learners 1-718
2026-10-04 20:59:54,460 INFO o.a.j.t.JMeterThread: Thread is done: Teachers and learners 1-747
2026-10-04 20:59:54,460 INFO o.a.j.t.JMeterThread: Thread finished: Teachers and learners 1-747
2026-10-04 20:59:54,516 INFO o.a.j.t.JMeterThread: Thread is done: Teachers and learners 1-670
2026-10-04 20:59:54,516 INFO o.a.j.t.JMeterThread: Thread finished: Teachers and learners 1-670
2026-10-04 20:59:54,542 INFO o.a.j.t.JMeterThread: Thread is done: Teachers and learners 1-663
2026-10-04 20:59:54,542 INFO o.a.j.t.JMeterThread: Thread finished: Teachers and learners 1-663
2026-10-04 20:59:54,624 INFO o.a.j.t.JMeterThread: Thread is done: Teachers and learners 1-709
2026-10-04 20:59:54,624 INFO o.a.j.t.JMeterThread: Thread finished: Teachers and learners 1-709
2026-10-04 20:59:54,643 INFO o.a.j.t.JMeterThread: Thread is done: Teachers and learners 1-764
2026-10-04 20:59:54,643 INFO o.a.j.t.JMeterThread: Thread finished: Teachers and learners 1-764
2026-10-04 20:59:54,676 INFO o.a.j.t.JMeterThread: Thread is done: Teachers and learners 1-742
2026-10-04 20:59:54,676 INFO o.a.j.t.JMeterThread: Thread finished: Teachers and learners 1-742
2026-10-04 20:59:54,729 INFO o.a.j.t.JMeterThread: Thread is done: Teachers and learners 1-687
2026-10-04 20:59:54,729 INFO o.a.j.t.JMeterThread: Thread finished: Teachers and learners 1-687
2026-10-04 20:59:54,907 INFO o.a.j.t.JMeterThread: Thread is done: Teachers and learners 1-702
2026-10-04 20:59:54,907 INFO o.a.j.t.JMeterThread: Thread finished: Teachers and learners 1-702
2026-10-04 20:59:54,940 INFO o.a.j.t.JMeterThread: Thread is done: Teachers and learners 1-713
2026-10-04 20:59:54,940 INFO o.a.j.t.JMeterThread: Thread finished: Teachers and learners 1-713
2026-10-04 20:59:54,973 INFO o.a.j.t.JMeterThread: Thread is done: Teachers and learners 1-735
2026-10-04 20:59:54,974 INFO o.a.j.t.JMeterThread: Thread finished: Teachers and learners 1-735
2026-10-04 20:59:55,002 INFO o.a.j.t.JMeterThread: Thread is done: Teachers and learners 1-711
2026-10-04 20:59:55,002 INFO o.a.j.t.JMeterThread: Thread finished: Teachers and learners 1-711
2026-10-04 20:59:55,166 INFO o.a.j.t.JMeterThread: Thread is done: Teachers and learners 1-705
2026-10-04 20:59:55,166 INFO o.a.j.t.JMeterThread: Thread finished: Teachers and learners 1-705
2026-10-04 20:59:55,220 INFO o.a.j.t.JMeterThread: Thread is done: Teachers and learners 1-701
2026-10-04 20:59:55,220 INFO o.a.j.t.JMeterThread: Thread finished: Teachers and learners 1-701
2026-10-04 20:59:55,238 INFO o.a.j.t.JMeterThread: Thread is done: Teachers and learners 1-719
2026-10-04 20:59:55,238 INFO o.a.j.t.JMeterThread: Thread finished: Teachers and learners 1-719
2026-10-04 20:59:55,253 INFO o.a.j.t.JMeterThread: Thread is done: Teachers and learners 1-720
2026-10-04 20:59:55,253 INFO o.a.j.t.JMeterThread: Thread finished: Teachers and learners 1-720
2026-10-04 20:59:55,270 INFO o.a.j.t.JMeterThread: Thread is done: Teachers and learners 1-710
2026-10-04 20:59:55,270 INFO o.a.j.t.JMeterThread: Thread finished: Teachers and learners 1-710
2026-10-04 20:59:55,294 INFO o.a.j.t.JMeterThread: Thread is done: Teachers and learners 1-730
2026-10-04 20:59:55,294 INFO o.a.j.t.JMeterThread: Thread finished: Teachers and learners 1-730
2026-10-04 20:59:55,311 INFO o.a.j.t.JMeterThread: Thread is done: Teachers and learners 1-759
2026-10-04 20:59:55,311 INFO o.a.j.t.JMeterThread: Thread finished: Teachers and learners 1-759
2026-10-04 20:59:55,325 INFO o.a.j.t.JMeterThread: Thread is done: Teachers and learners 1-733
2026-10-04 20:59:55,325 INFO o.a.j.t.JMeterThread: Thread finished: Teachers and learners 1-733
2026-10-04 20:59:55,343 INFO o.a.j.t.JMeterThread: Thread is done: Teachers and learners 1-679
2026-10-04 20:59:55,343 INFO o.a.j.t.JMeterThread: Thread finished: Teachers and learners 1-679
2026-10-04 20:59:55,355 INFO o.a.j.t.JMeterThread: Thread is done: Teachers and learners 1-695
2026-10-04 20:59:55,355 INFO o.a.j.t.JMeterThread: Thread finished: Teachers and learners 1-695
2026-10-04 20:59:55,374 INFO o.a.j.t.JMeterThread: Thread is done: Teachers and learners 1-739
2026-10-04 20:59:55,374 INFO o.a.j.t.JMeterThread: Thread finished: Teachers and learners 1-739
2026-10-04 20:59:55,396 INFO o.a.j.t.JMeterThread: Thread is done: Teachers and learners 1-737
2026-10-04 20:59:55,396 INFO o.a.j.t.JMeterThread: Thread finished: Teachers and learners 1-737
2026-10-04 20:59:55,426 INFO o.a.j.t.JMeterThread: Thread is done: Teachers and learners 1-752
2026-10-04 20:59:55,426 INFO o.a.j.t.JMeterThread: Thread finished: Teachers and learners 1-752
2026-10-04 20:59:55,451 INFO o.a.j.t.JMeterThread: Thread is done: Teachers and learners 1-688
2026-10-04 20:59:55,451 INFO o.a.j.t.JMeterThread: Thread finished: Teachers and learners 1-688
2026-10-04 20:59:55,490 INFO o.a.j.t.JMeterThread: Thread is done: Teachers and learners 1-731
2026-10-04 20:59:55,490 INFO o.a.j.t.JMeterThread: Thread finished: Teachers and learners 1-731
2026-10-04 20:59:55,576 INFO o.a.j.t.JMeterThread: Thread is done: Teachers and learners 1-704
2026-10-04 20:59:55,576 INFO o.a.j.t.JMeterThread: Thread finished: Teachers and learners 1-704
2026-10-04 20:59:55,592 INFO o.a.j.t.JMeterThread: Thread is done: Teachers and learners 1-716
2026-10-04 20:59:55,592 INFO o.a.j.t.JMeterThread: Thread finished: Teachers and learners 1-716
2026-10-04 20:59:55,605 INFO o.a.j.t.JMeterThread: Thread is done: Teachers and learners 1-697
2026-10-04 20:59:55,605 INFO o.a.j.t.JMeterThread: Thread finished: Teachers and learners 1-697
2026-10-04 20:59:55,630 INFO o.a.j.t.JMeterThread: Thread is done: Teachers and learners 1-708
2026-10-04 20:59:55,630 INFO o.a.j.t.JMeterThread: Thread finished: Teachers and learners 1-708
2026-10-04 20:59:55,646 INFO o.a.j.t.JMeterThread: Thread is done: Teachers and learners 1-745
2026-10-04 20:59:55,646 INFO o.a.j.t.JMeterThread: Thread finished: Teachers and learners 1-745
2026-10-04 20:59:55,674 INFO o.a.j.t.JMeterThread: Thread is done: Teachers and learners 1-689
2026-10-04 20:59:55,674 INFO o.a.j.t.JMeterThread: Thread finished: Teachers and learners 1-689
2026-10-04 20:59:55,686 INFO o.a.j.t.JMeterThread: Thread is done: Teachers and learners 1-738
2026-10-04 20:59:55,686 INFO o.a.j.t.JMeterThread: Thread finished: Teachers and learners 1-738
2026-10-04 20:59:55,724 INFO o.a.j.t.JMeterThread: Thread is done: Teachers and learners 1-715
2026-10-04 20:59:55,724 INFO o.a.j.t.JMeterThread: Thread finished: Teachers and learners 1-715
2026-10-04 20:59:55,774 INFO o.a.j.t.JMeterThread: Thread is done: Teachers and learners 1-686
2026-10-04 20:59:55,774 INFO o.a.j.t.JMeterThread: Thread finished: Teachers and learners 1-686
2026-10-04 20:59:55,874 INFO o.a.j.t.JMeterThread: Thread is done: Teachers and learners 1-699
2026-10-04 20:59:55,874 INFO o.a.j.t.JMeterThread: Thread finished: Teachers and learners 1-699
2026-10-04 20:59:55,909 INFO o.a.j.t.JMeterThread: Thread is done: Teachers and learners 1-712
2026-10-04 20:59:55,909 INFO o.a.j.t.JMeterThread: Thread finished: Teachers and learners 1-712
2026-10-04 20:59:55,927 INFO o.a.j.t.JMeterThread: Thread is done: Teachers and learners 1-723
2026-10-04 20:59:55,927 INFO o.a.j.t.JMeterThread: Thread finished: Teachers and learners 1-723
2026-10-04 20:59:55,953 INFO o.a.j.t.JMeterThread: Thread is done: Teachers and learners 1-692
2026-10-04 20:59:55,953 INFO o.a.j.t.JMeterThread: Thread finished: Teachers and learners 1-692
2026-10-04 20:59:56,101 INFO o.a.j.t.JMeterThread: Thread is done: Teachers and learners 1-777
2026-10-04 20:59:56,101 INFO o.a.j.t.JMeterThread: Thread finished: Teachers and learners 1-777
2026-10-04 20:59:56,111 INFO o.a.j.t.JMeterThread: Thread is done: Teachers and learners 1-717
2026-10-04 20:59:56,111 INFO o.a.j.t.JMeterThread: Thread finished: Teachers and learners 1-717
2026-10-04 20:59:56,115 INFO o.a.j.t.JMeterThread: Thread is done: Teachers and learners 1-721
2026-10-04 20:59:56,115 INFO o.a.j.t.JMeterThread: Thread finished: Teachers and learners 1-721
2026-10-04 20:59:56,122 INFO o.a.j.t.JMeterThread: Thread is done: Teachers and learners 1-741
2026-10-04 20:59:56,122 INFO o.a.j.t.JMeterThread: Thread finished: Teachers and learners 1-741
2026-10-04 20:59:56,138 INFO o.a.j.t.JMeterThread: Thread is done: Teachers and learners 1-703
2026-10-04 20:59:56,138 INFO o.a.j.t.JMeterThread: Thread finished: Teachers and learners 1-703
2026-10-04 20:59:56,209 INFO o.a.j.t.JMeterThread: Thread is done: Teachers and learners 1-740
2026-10-04 20:59:56,209 INFO o.a.j.t.JMeterThread: Thread finished: Teachers and learners 1-740
2026-10-04 20:59:56,242 INFO o.a.j.t.JMeterThread: Thread is done: Teachers and learners 1-707
2026-10-04 20:59:56,243 INFO o.a.j.t.JMeterThread: Thread finished: Teachers and learners 1-707
2026-10-04 20:59:56,251 INFO o.a.j.t.JMeterThread: Thread is done: Teachers and learners 1-700
2026-10-04 20:59:56,251 INFO o.a.j.t.JMeterThread: Thread finished: Teachers and learners 1-700
2026-10-04 20:59:56,293 INFO o.a.j.t.JMeterThread: Thread is done: Teachers and learners 1-767
2026-10-04 20:59:56,293 INFO o.a.j.t.JMeterThread: Thread finished: Teachers and learners 1-767
2026-10-04 20:59:56,370 INFO o.a.j.t.JMeterThread: Thread is done: Teachers and learners 1-757
2026-10-04 20:59:56,370 INFO o.a.j.t.JMeterThread: Thread finished: Teachers and learners 1-757
2026-10-04 20:59:56,380 INFO o.a.j.t.JMeterThread: Thread is done: Teachers and learners 1-714
2026-10-04 20:59:56,380 INFO o.a.j.t.JMeterThread: Thread finished: Teachers and learners 1-714
2026-10-04 20:59:56,387 INFO o.a.j.t.JMeterThread: Thread is done: Teachers and learners 1-724
2026-10-04 20:59:56,387 INFO o.a.j.t.JMeterThread: Thread finished: Teachers and learners 1-724
2026-10-04 20:59:56,505 INFO o.a.j.t.JMeterThread: Thread is done: Teachers and learners 1-788
2026-10-04 20:59:56,505 INFO o.a.j.t.JMeterThread: Thread finished: Teachers and learners 1-788
2026-10-04 20:59:56,513 INFO o.a.j.t.JMeterThread: Thread is done: Teachers and learners 1-734
2026-10-04 20:59:56,513 INFO o.a.j.t.JMeterThread: Thread finished: Teachers and learners 1-734
2026-10-04 20:59:56,538 INFO o.a.j.t.JMeterThread: Thread is done: Teachers and learners 1-728
2026-10-04 20:59:56,538 INFO o.a.j.t.JMeterThread: Thread finished: Teachers and learners 1-728
2026-10-04 20:59:56,603 INFO o.a.j.t.JMeterThread: Thread is done: Teachers and learners 1-803
2026-10-04 20:59:56,603 INFO o.a.j.t.JMeterThread: Thread finished: Teachers and learners 1-803
2026-10-04 20:59:56,610 INFO o.a.j.t.JMeterThread: Thread is done: Teachers and learners 1-698
2026-10-04 20:59:56,610 INFO o.a.j.t.JMeterThread: Thread finished: Teachers and learners 1-698
2026-10-04 20:59:56,693 INFO o.a.j.t.JMeterThread: Thread is done: Teachers and learners 1-762
2026-10-04 20:59:56,693 INFO o.a.j.t.JMeterThread: Thread finished: Teachers and learners 1-762
2026-10-04 20:59:56,755 INFO o.a.j.t.JMeterThread: Thread is done: Teachers and learners 1-732
2026-10-04 20:59:56,755 INFO o.a.j.t.JMeterThread: Thread finished: Teachers and learners 1-732
2026-10-04 20:59:56,777 INFO o.a.j.t.JMeterThread: Thread is done: Teachers and learners 1-726
2026-10-04 20:59:56,777 INFO o.a.j.t.JMeterThread: Thread finished: Teachers and learners 1-726
2026-10-04 20:59:56,799 INFO o.a.j.t.JMeterThread: Thread is done: Teachers and learners 1-744
2026-10-04 20:59:56,799 INFO o.a.j.t.JMeterThread: Thread finished: Teachers and learners 1-744
2026-10-04 20:59:56,853 INFO o.a.j.t.JMeterThread: Thread is done: Teachers and learners 1-751
2026-10-04 20:59:56,854 INFO o.a.j.t.JMeterThread: Thread finished: Teachers and learners 1-751
2026-10-04 20:59:56,890 INFO o.a.j.t.JMeterThread: Thread is done: Teachers and learners 1-768
2026-10-04 20:59:56,890 INFO o.a.j.t.JMeterThread: Thread finished: Teachers and learners 1-768
2026-10-04 20:59:56,947 INFO o.a.j.t.JMeterThread: Thread is done: Teachers and learners 1-787
2026-10-04 20:59:56,947 INFO o.a.j.t.JMeterThread: Thread finished: Teachers and learners 1-787
2026-10-04 20:59:56,960 INFO o.a.j.t.JMeterThread: Thread is done: Teachers and learners 1-760
2026-10-04 20:59:56,960 INFO o.a.j.t.JMeterThread: Thread finished: Teachers and learners 1-760
2026-10-04 20:59:56,966 INFO o.a.j.t.JMeterThread: Thread is done: Teachers and learners 1-729
2026-10-04 20:59:56,966 INFO o.a.j.t.JMeterThread: Thread finished: Teachers and learners 1-729
2026-10-04 20:59:57,033 INFO o.a.j.t.JMeterThread: Thread is done: Teachers and learners 1-774
2026-10-04 20:59:57,033 INFO o.a.j.t.JMeterThread: Thread finished: Teachers and learners 1-774
2026-10-04 20:59:57,044 INFO o.a.j.t.JMeterThread: Thread is done: Teachers and learners 1-796
2026-10-04 20:59:57,044 INFO o.a.j.t.JMeterThread: Thread finished: Teachers and learners 1-796
2026-10-04 20:59:57,246 INFO o.a.j.t.JMeterThread: Thread is done: Teachers and learners 1-797
2026-10-04 20:59:57,246 INFO o.a.j.t.JMeterThread: Thread finished: Teachers and learners 1-797
2026-10-04 20:59:57,266 INFO o.a.j.t.JMeterThread: Thread is done: Teachers and learners 1-800
2026-10-04 20:59:57,268 INFO o.a.j.t.JMeterThread: Thread finished: Teachers and learners 1-800
2026-10-04 20:59:57,301 INFO o.a.j.t.JMeterThread: Thread is done: Teachers and learners 1-772
2026-10-04 20:59:57,301 INFO o.a.j.t.JMeterThread: Thread finished: Teachers and learners 1-772
2026-10-04 20:59:57,321 INFO o.a.j.t.JMeterThread: Thread is done: Teachers and learners 1-789
2026-10-04 20:59:57,321 INFO o.a.j.t.JMeterThread: Thread finished: Teachers and learners 1-789
2026-10-04 20:59:57,340 INFO o.a.j.t.JMeterThread: Thread is done: Teachers and learners 1-771
2026-10-04 20:59:57,340 INFO o.a.j.t.JMeterThread: Thread finished: Teachers and learners 1-771
2026-10-04 20:59:57,415 INFO o.a.j.t.JMeterThread: Thread is done: Teachers and learners 1-779
2026-10-04 20:59:57,415 INFO o.a.j.t.JMeterThread: Thread finished: Teachers and learners 1-779
2026-10-04 20:59:57,445 INFO o.a.j.t.JMeterThread: Thread is done: Teachers and learners 1-756
2026-10-04 20:59:57,445 INFO o.a.j.t.JMeterThread: Thread finished: Teachers and learners 1-756
2026-10-04 20:59:57,587 INFO o.a.j.t.JMeterThread: Thread is done: Teachers and learners 1-763
2026-10-04 20:59:57,587 INFO o.a.j.t.JMeterThread: Thread finished: Teachers and learners 1-763
2026-10-04 20:59:57,619 INFO o.a.j.t.JMeterThread: Thread is done: Teachers and learners 1-786
2026-10-04 20:59:57,619 INFO o.a.j.t.JMeterThread: Thread finished: Teachers and learners 1-786
2026-10-04 20:59:57,627 INFO o.a.j.t.JMeterThread: Thread is done: Teachers and learners 1-781
2026-10-04 20:59:57,627 INFO o.a.j.t.JMeterThread: Thread finished: Teachers and learners 1-781
2026-10-04 20:59:57,634 INFO o.a.j.t.JMeterThread: Thread is done: Teachers and learners 1-750
2026-10-04 20:59:57,634 INFO o.a.j.t.JMeterThread: Thread finished: Teachers and learners 1-750
2026-10-04 20:59:57,671 INFO o.a.j.t.JMeterThread: Thread is done: Teachers and learners 1-815
2026-10-04 20:59:57,671 INFO o.a.j.t.JMeterThread: Thread finished: Teachers and learners 1-815
2026-10-04 20:59:57,839 INFO o.a.j.t.JMeterThread: Thread is done: Teachers and learners 1-769
2026-10-04 20:59:57,839 INFO o.a.j.t.JMeterThread: Thread finished: Teachers and learners 1-769
2026-10-04 20:59:57,961 INFO o.a.j.t.JMeterThread: Thread is done: Teachers and learners 1-766
2026-10-04 20:59:57,961 INFO o.a.j.t.JMeterThread: Thread finished: Teachers and learners 1-766
2026-10-04 20:59:57,986 INFO o.a.j.t.JMeterThread: Thread is done: Teachers and learners 1-808
2026-10-04 20:59:57,986 INFO o.a.j.t.JMeterThread: Thread finished: Teachers and learners 1-808
2026-10-04 20:59:58,013 INFO o.a.j.t.JMeterThread: Thread is done: Teachers and learners 1-776
2026-10-04 20:59:58,013 INFO o.a.j.t.JMeterThread: Thread finished: Teachers and learners 1-776
2026-10-04 20:59:58,102 INFO o.a.j.t.JMeterThread: Thread is done: Teachers and learners 1-801
2026-10-04 20:59:58,102 INFO o.a.j.t.JMeterThread: Thread finished: Teachers and learners 1-801
2026-10-04 20:59:58,255 INFO o.a.j.t.JMeterThread: Thread is done: Teachers and learners 1-743
2026-10-04 20:59:58,255 INFO o.a.j.t.JMeterThread: Thread finished: Teachers and learners 1-743
2026-10-04 20:59:58,276 INFO o.a.j.t.JMeterThread: Thread is done: Teachers and learners 1-748
2026-10-04 20:59:58,276 INFO o.a.j.t.JMeterThread: Thread finished: Teachers and learners 1-748
2026-10-04 20:59:58,303 INFO o.a.j.t.JMeterThread: Thread is done: Teachers and learners 1-791
2026-10-04 20:59:58,303 INFO o.a.j.t.JMeterThread: Thread finished: Teachers and learners 1-791
2026-10-04 20:59:58,318 INFO o.a.j.t.JMeterThread: Thread is done: Teachers and learners 1-790
2026-10-04 20:59:58,318 INFO o.a.j.t.JMeterThread: Thread finished: Teachers and learners 1-790
2026-10-04 20:59:58,334 INFO o.a.j.t.JMeterThread: Thread is done: Teachers and learners 1-775
2026-10-04 20:59:58,334 INFO o.a.j.t.JMeterThread: Thread finished: Teachers and learners 1-775
2026-10-04 20:59:58,377 INFO o.a.j.t.JMeterThread: Thread is done: Teachers and learners 1-758
2026-10-04 20:59:58,377 INFO o.a.j.t.JMeterThread: Thread finished: Teachers and learners 1-758
2026-10-04 20:59:58,400 INFO o.a.j.t.JMeterThread: Thread is done: Teachers and learners 1-785
2026-10-04 20:59:58,400 INFO o.a.j.t.JMeterThread: Thread finished: Teachers and learners 1-785
2026-10-04 20:59:58,444 INFO o.a.j.t.JMeterThread: Thread is done: Teachers and learners 1-784
2026-10-04 20:59:58,444 INFO o.a.j.t.JMeterThread: Thread finished: Teachers and learners 1-784
2026-10-04 20:59:58,455 INFO o.a.j.t.JMeterThread: Thread is done: Teachers and learners 1-770
2026-10-04 20:59:58,455 INFO o.a.j.t.JMeterThread: Thread finished: Teachers and learners 1-770
2026-10-04 20:59:58,586 INFO o.a.j.t.JMeterThread: Thread is done: Teachers and learners 1-746
2026-10-04 20:59:58,586 INFO o.a.j.t.JMeterThread: Thread finished: Teachers and learners 1-746
2026-10-04 20:59:58,700 INFO o.a.j.t.JMeterThread: Thread is done: Teachers and learners 1-706
2026-10-04 20:59:58,700 INFO o.a.j.t.JMeterThread: Thread finished: Teachers and learners 1-706
2026-10-04 20:59:58,715 INFO o.a.j.t.JMeterThread: Thread is done: Teachers and learners 1-765
2026-10-04 20:59:58,716 INFO o.a.j.t.JMeterThread: Thread finished: Teachers and learners 1-765
2026-10-04 20:59:58,731 INFO o.a.j.t.JMeterThread: Thread is done: Teachers and learners 1-753
2026-10-04 20:59:58,731 INFO o.a.j.t.JMeterThread: Thread finished: Teachers and learners 1-753
2026-10-04 20:59:58,750 INFO o.a.j.t.JMeterThread: Thread is done: Teachers and learners 1-778
2026-10-04 20:59:58,750 INFO o.a.j.t.JMeterThread: Thread finished: Teachers and learners 1-778
2026-10-04 20:59:58,873 INFO o.a.j.t.JMeterThread: Thread is done: Teachers and learners 1-755
2026-10-04 20:59:58,873 INFO o.a.j.t.JMeterThread: Thread finished: Teachers and learners 1-755
2026-10-04 20:59:58,882 INFO o.a.j.t.JMeterThread: Thread is done: Teachers and learners 1-754
2026-10-04 20:59:58,882 INFO o.a.j.t.JMeterThread: Thread finished: Teachers and learners 1-754
2026-10-04 20:59:58,929 INFO o.a.j.t.JMeterThread: Thread is done: Teachers and learners 1-782
2026-10-04 20:59:58,929 INFO o.a.j.t.JMeterThread: Thread finished: Teachers and learners 1-782
2026-10-04 20:59:58,957 INFO o.a.j.t.JMeterThread: Thread is done: Teachers and learners 1-811
2026-10-04 20:59:58,957 INFO o.a.j.t.JMeterThread: Thread finished: Teachers and learners 1-811
2026-10-04 20:59:58,970 INFO o.a.j.t.JMeterThread: Thread is done: Teachers and learners 1-798
2026-10-04 20:59:58,970 INFO o.a.j.t.JMeterThread: Thread finished: Teachers and learners 1-798
2026-10-04 20:59:59,011 INFO o.a.j.t.JMeterThread: Thread is done: Teachers and learners 1-793
2026-10-04 20:59:59,011 INFO o.a.j.t.JMeterThread: Thread finished: Teachers and learners 1-793
2026-10-04 20:59:59,024 INFO o.a.j.t.JMeterThread: Thread is done: Teachers and learners 1-792
2026-10-04 20:59:59,024 INFO o.a.j.t.JMeterThread: Thread finished: Teachers and learners 1-792
2026-10-04 20:59:59,062 INFO o.a.j.t.JMeterThread: Thread is done: Teachers and learners 1-806
2026-10-04 20:59:59,062 INFO o.a.j.t.JMeterThread: Thread finished: Teachers and learners 1-806
2026-10-04 20:59:59,168 INFO o.a.j.t.JMeterThread: Thread is done: Teachers and learners 1-807
2026-10-04 20:59:59,168 INFO o.a.j.t.JMeterThread: Thread finished: Teachers and learners 1-807
2026-10-04 20:59:59,268 INFO o.a.j.t.JMeterThread: Thread is done: Teachers and learners 1-795
2026-10-04 20:59:59,269 INFO o.a.j.t.JMeterThread: Thread finished: Teachers and learners 1-795
2026-10-04 20:59:59,281 INFO o.a.j.t.JMeterThread: Thread is done: Teachers and learners 1-761
2026-10-04 20:59:59,281 INFO o.a.j.t.JMeterThread: Thread finished: Teachers and learners 1-761
2026-10-04 20:59:59,356 INFO o.a.j.t.JMeterThread: Thread is done: Teachers and learners 1-773
2026-10-04 20:59:59,356 INFO o.a.j.t.JMeterThread: Thread finished: Teachers and learners 1-773
2026-10-04 20:59:59,366 INFO o.a.j.t.JMeterThread: Thread is done: Teachers and learners 1-842
2026-10-04 20:59:59,366 INFO o.a.j.t.JMeterThread: Thread finished: Teachers and learners 1-842
2026-10-04 20:59:59,375 INFO o.a.j.t.JMeterThread: Thread is done: Teachers and learners 1-780
2026-10-04 20:59:59,376 INFO o.a.j.t.JMeterThread: Thread finished: Teachers and learners 1-780
2026-10-04 20:59:59,396 INFO o.a.j.t.JMeterThread: Thread is done: Teachers and learners 1-825
2026-10-04 20:59:59,396 INFO o.a.j.t.JMeterThread: Thread finished: Teachers and learners 1-825
2026-10-04 20:59:59,410 INFO o.a.j.t.JMeterThread: Thread is done: Teachers and learners 1-749
2026-10-04 20:59:59,410 INFO o.a.j.t.JMeterThread: Thread finished: Teachers and learners 1-749
2026-10-04 20:59:59,445 INFO o.a.j.t.JMeterThread: Thread is done: Teachers and learners 1-822
2026-10-04 20:59:59,445 INFO o.a.j.t.JMeterThread: Thread finished: Teachers and learners 1-822
2026-10-04 20:59:59,495 INFO o.a.j.t.JMeterThread: Thread is done: Teachers and learners 1-799
2026-10-04 20:59:59,495 INFO o.a.j.t.JMeterThread: Thread finished: Teachers and learners 1-799
2026-10-04 20:59:59,503 INFO o.a.j.t.JMeterThread: Thread is done: Teachers and learners 1-809
2026-10-04 20:59:59,503 INFO o.a.j.t.JMeterThread: Thread finished: Teachers and learners 1-809
2026-10-04 20:59:59,589 INFO o.a.j.t.JMeterThread: Thread is done: Teachers and learners 1-783
2026-10-04 20:59:59,589 INFO o.a.j.t.JMeterThread: Thread finished: Teachers and learners 1-783
2026-10-04 20:59:59,644 INFO o.a.j.t.JMeterThread: Thread is done: Teachers and learners 1-844
2026-10-04 20:59:59,644 INFO o.a.j.t.JMeterThread: Thread finished: Teachers and learners 1-844
2026-10-04 20:59:59,651 INFO o.a.j.t.JMeterThread: Thread is done: Teachers and learners 1-805
2026-10-04 20:59:59,651 INFO o.a.j.t.JMeterThread: Thread finished: Teachers and learners 1-805
2026-10-04 20:59:59,795 INFO o.a.j.t.JMeterThread: Thread is done: Teachers and learners 1-852
2026-10-04 20:59:59,795 INFO o.a.j.t.JMeterThread: Thread finished: Teachers and learners 1-852
2026-10-04 21:00:00,041 INFO o.a.j.r.Summariser: summary +   3403 in 00:00:30 =  113.3/s Avg:  3647 Min:   726 Max:  8569 Err:     0 (0.00%) Active: 187 Started: 1000 Finished: 813
2026-10-04 21:00:00,041 INFO o.a.j.r.Summariser: summary =  13735 in 00:01:11 =  194.1/s Avg:  1760 Min:     1 Max:  8569 Err:     0 (0.00%)
2026-10-04 21:00:00,042 INFO o.a.j.t.JMeterThread: Thread is done: Teachers and learners 1-812
2026-10-04 21:00:00,042 INFO o.a.j.t.JMeterThread: Thread finished: Teachers and learners 1-812
2026-10-04 21:00:00,056 INFO o.a.j.t.JMeterThread: Thread is done: Teachers and learners 1-855
2026-10-04 21:00:00,056 INFO o.a.j.t.JMeterThread: Thread finished: Teachers and learners 1-855
2026-10-04 21:00:00,071 INFO o.a.j.t.JMeterThread: Thread is done: Teachers and learners 1-846
2026-10-04 21:00:00,071 INFO o.a.j.t.JMeterThread: Thread finished: Teachers and learners 1-846
2026-10-04 21:00:00,085 INFO o.a.j.t.JMeterThread: Thread is done: Teachers and learners 1-863
2026-10-04 21:00:00,085 INFO o.a.j.t.JMeterThread: Thread finished: Teachers and learners 1-863
2026-10-04 21:00:00,094 INFO o.a.j.t.JMeterThread: Thread is done: Teachers and learners 1-816
2026-10-04 21:00:00,094 INFO o.a.j.t.JMeterThread: Thread finished: Teachers and learners 1-816
2026-10-04 21:00:00,101 INFO o.a.j.t.JMeterThread: Thread is done: Teachers and learners 1-834
2026-10-04 21:00:00,101 INFO o.a.j.t.JMeterThread: Thread finished: Teachers and learners 1-834
2026-10-04 21:00:00,195 INFO o.a.j.t.JMeterThread: Thread is done: Teachers and learners 1-876
2026-10-04 21:00:00,195 INFO o.a.j.t.JMeterThread: Thread finished: Teachers and learners 1-876
2026-10-04 21:00:00,421 INFO o.a.j.t.JMeterThread: Thread is done: Teachers and learners 1-840
2026-10-04 21:00:00,421 INFO o.a.j.t.JMeterThread: Thread finished: Teachers and learners 1-840
2026-10-04 21:00:00,546 INFO o.a.j.t.JMeterThread: Thread is done: Teachers and learners 1-810
2026-10-04 21:00:00,546 INFO o.a.j.t.JMeterThread: Thread finished: Teachers and learners 1-810
2026-10-04 21:00:00,563 INFO o.a.j.t.JMeterThread: Thread is done: Teachers and learners 1-904
2026-10-04 21:00:00,563 INFO o.a.j.t.JMeterThread: Thread finished: Teachers and learners 1-904
2026-10-04 21:00:00,798 INFO o.a.j.t.JMeterThread: Thread is done: Teachers and learners 1-845
2026-10-04 21:00:00,798 INFO o.a.j.t.JMeterThread: Thread finished: Teachers and learners 1-845
2026-10-04 21:00:00,843 INFO o.a.j.t.JMeterThread: Thread is done: Teachers and learners 1-864
2026-10-04 21:00:00,843 INFO o.a.j.t.JMeterThread: Thread finished: Teachers and learners 1-864
2026-10-04 21:00:00,889 INFO o.a.j.t.JMeterThread: Thread is done: Teachers and learners 1-823
2026-10-04 21:00:00,889 INFO o.a.j.t.JMeterThread: Thread finished: Teachers and learners 1-823
2026-10-04 21:00:00,928 INFO o.a.j.t.JMeterThread: Thread is done: Teachers and learners 1-838
2026-10-04 21:00:00,928 INFO o.a.j.t.JMeterThread: Thread finished: Teachers and learners 1-838
2026-10-04 21:00:00,965 INFO o.a.j.t.JMeterThread: Thread is done: Teachers and learners 1-818
2026-10-04 21:00:00,965 INFO o.a.j.t.JMeterThread: Thread finished: Teachers and learners 1-818
2026-10-04 21:00:01,047 INFO o.a.j.t.JMeterThread: Thread is done: Teachers and learners 1-870
2026-10-04 21:00:01,047 INFO o.a.j.t.JMeterThread: Thread finished: Teachers and learners 1-870
2026-10-04 21:00:01,087 INFO o.a.j.t.JMeterThread: Thread is done: Teachers and learners 1-804
2026-10-04 21:00:01,087 INFO o.a.j.t.JMeterThread: Thread finished: Teachers and learners 1-804
2026-10-04 21:00:01,339 INFO o.a.j.t.JMeterThread: Thread is done: Teachers and learners 1-871
2026-10-04 21:00:01,339 INFO o.a.j.t.JMeterThread: Thread finished: Teachers and learners 1-871
2026-10-04 21:00:01,380 INFO o.a.j.t.JMeterThread: Thread is done: Teachers and learners 1-824
2026-10-04 21:00:01,380 INFO o.a.j.t.JMeterThread: Thread finished: Teachers and learners 1-824
2026-10-04 21:00:01,416 INFO o.a.j.t.JMeterThread: Thread is done: Teachers and learners 1-821
2026-10-04 21:00:01,416 INFO o.a.j.t.JMeterThread: Thread finished: Teachers and learners 1-821
2026-10-04 21:00:01,452 INFO o.a.j.t.JMeterThread: Thread is done: Teachers and learners 1-866
2026-10-04 21:00:01,452 INFO o.a.j.t.JMeterThread: Thread finished: Teachers and learners 1-866
2026-10-04 21:00:01,488 INFO o.a.j.t.JMeterThread: Thread is done: Teachers and learners 1-820
2026-10-04 21:00:01,488 INFO o.a.j.t.JMeterThread: Thread finished: Teachers and learners 1-820
2026-10-04 21:00:01,516 INFO o.a.j.t.JMeterThread: Thread is done: Teachers and learners 1-857
2026-10-04 21:00:01,516 INFO o.a.j.t.JMeterThread: Thread finished: Teachers and learners 1-857
2026-10-04 21:00:01,574 INFO o.a.j.t.JMeterThread: Thread is done: Teachers and learners 1-839
2026-10-04 21:00:01,574 INFO o.a.j.t.JMeterThread: Thread finished: Teachers and learners 1-839
2026-10-04 21:00:01,632 INFO o.a.j.t.JMeterThread: Thread is done: Teachers and learners 1-814
2026-10-04 21:00:01,632 INFO o.a.j.t.JMeterThread: Thread finished: Teachers and learners 1-814
2026-10-04 21:00:01,696 INFO o.a.j.t.JMeterThread: Thread is done: Teachers and learners 1-848
2026-10-04 21:00:01,696 INFO o.a.j.t.JMeterThread: Thread finished: Teachers and learners 1-848
2026-10-04 21:00:01,796 INFO o.a.j.t.JMeterThread: Thread is done: Teachers and learners 1-832
2026-10-04 21:00:01,797 INFO o.a.j.t.JMeterThread: Thread finished: Teachers and learners 1-832
2026-10-04 21:00:01,865 INFO o.a.j.t.JMeterThread: Thread is done: Teachers and learners 1-794
2026-10-04 21:00:01,865 INFO o.a.j.t.JMeterThread: Thread finished: Teachers and learners 1-794
2026-10-04 21:00:01,894 INFO o.a.j.t.JMeterThread: Thread is done: Teachers and learners 1-841
2026-10-04 21:00:01,894 INFO o.a.j.t.JMeterThread: Thread finished: Teachers and learners 1-841
2026-10-04 21:00:01,931 INFO o.a.j.t.JMeterThread: Thread is done: Teachers and learners 1-829
2026-10-04 21:00:01,931 INFO o.a.j.t.JMeterThread: Thread finished: Teachers and learners 1-829
2026-10-04 21:00:01,975 INFO o.a.j.t.JMeterThread: Thread is done: Teachers and learners 1-830
2026-10-04 21:00:01,975 INFO o.a.j.t.JMeterThread: Thread finished: Teachers and learners 1-830
2026-10-04 21:00:02,009 INFO o.a.j.t.JMeterThread: Thread is done: Teachers and learners 1-883
2026-10-04 21:00:02,009 INFO o.a.j.t.JMeterThread: Thread finished: Teachers and learners 1-883
2026-10-04 21:00:02,050 INFO o.a.j.t.JMeterThread: Thread is done: Teachers and learners 1-837
2026-10-04 21:00:02,050 INFO o.a.j.t.JMeterThread: Thread finished: Teachers and learners 1-837
2026-10-04 21:00:02,109 INFO o.a.j.t.JMeterThread: Thread is done: Teachers and learners 1-856
2026-10-04 21:00:02,109 INFO o.a.j.t.JMeterThread: Thread finished: Teachers and learners 1-856
2026-10-04 21:00:02,136 INFO o.a.j.t.JMeterThread: Thread is done: Teachers and learners 1-861
2026-10-04 21:00:02,136 INFO o.a.j.t.JMeterThread: Thread finished: Teachers and learners 1-861
2026-10-04 21:00:02,167 INFO o.a.j.t.JMeterThread: Thread is done: Teachers and learners 1-860
2026-10-04 21:00:02,167 INFO o.a.j.t.JMeterThread: Thread finished: Teachers and learners 1-860
2026-10-04 21:00:02,204 INFO o.a.j.t.JMeterThread: Thread is done: Teachers and learners 1-854
2026-10-04 21:00:02,204 INFO o.a.j.t.JMeterThread: Thread finished: Teachers and learners 1-854
2026-10-04 21:00:02,224 INFO o.a.j.t.JMeterThread: Thread is done: Teachers and learners 1-802
2026-10-04 21:00:02,224 INFO o.a.j.t.JMeterThread: Thread finished: Teachers and learners 1-802
2026-10-04 21:00:02,244 INFO o.a.j.t.JMeterThread: Thread is done: Teachers and learners 1-828
2026-10-04 21:00:02,244 INFO o.a.j.t.JMeterThread: Thread finished: Teachers and learners 1-828
2026-10-04 21:00:02,269 INFO o.a.j.t.JMeterThread: Thread is done: Teachers and learners 1-851
2026-10-04 21:00:02,269 INFO o.a.j.t.JMeterThread: Thread finished: Teachers and learners 1-851
2026-10-04 21:00:02,289 INFO o.a.j.t.JMeterThread: Thread is done: Teachers and learners 1-836
2026-10-04 21:00:02,289 INFO o.a.j.t.JMeterThread: Thread finished: Teachers and learners 1-836
2026-10-04 21:00:02,304 INFO o.a.j.t.JMeterThread: Thread is done: Teachers and learners 1-843
2026-10-04 21:00:02,304 INFO o.a.j.t.JMeterThread: Thread finished: Teachers and learners 1-843
2026-10-04 21:00:02,315 INFO o.a.j.t.JMeterThread: Thread is done: Teachers and learners 1-869
2026-10-04 21:00:02,315 INFO o.a.j.t.JMeterThread: Thread finished: Teachers and learners 1-869
2026-10-04 21:00:02,335 INFO o.a.j.t.JMeterThread: Thread is done: Teachers and learners 1-847
2026-10-04 21:00:02,335 INFO o.a.j.t.JMeterThread: Thread finished: Teachers and learners 1-847
2026-10-04 21:00:02,359 INFO o.a.j.t.JMeterThread: Thread is done: Teachers and learners 1-859
2026-10-04 21:00:02,359 INFO o.a.j.t.JMeterThread: Thread finished: Teachers and learners 1-859
2026-10-04 21:00:02,376 INFO o.a.j.t.JMeterThread: Thread is done: Teachers and learners 1-858
2026-10-04 21:00:02,376 INFO o.a.j.t.JMeterThread: Thread finished: Teachers and learners 1-858
2026-10-04 21:00:02,394 INFO o.a.j.t.JMeterThread: Thread is done: Teachers and learners 1-831
2026-10-04 21:00:02,394 INFO o.a.j.t.JMeterThread: Thread finished: Teachers and learners 1-831
2026-10-04 21:00:02,409 INFO o.a.j.t.JMeterThread: Thread is done: Teachers and learners 1-833
2026-10-04 21:00:02,409 INFO o.a.j.t.JMeterThread: Thread finished: Teachers and learners 1-833
2026-10-04 21:00:02,427 INFO o.a.j.t.JMeterThread: Thread is done: Teachers and learners 1-849
2026-10-04 21:00:02,427 INFO o.a.j.t.JMeterThread: Thread finished: Teachers and learners 1-849
2026-10-04 21:00:02,439 INFO o.a.j.t.JMeterThread: Thread is done: Teachers and learners 1-888
2026-10-04 21:00:02,439 INFO o.a.j.t.JMeterThread: Thread finished: Teachers and learners 1-888
2026-10-04 21:00:02,451 INFO o.a.j.t.JMeterThread: Thread is done: Teachers and learners 1-817
2026-10-04 21:00:02,451 INFO o.a.j.t.JMeterThread: Thread finished: Teachers and learners 1-817
2026-10-04 21:00:02,460 INFO o.a.j.t.JMeterThread: Thread is done: Teachers and learners 1-827
2026-10-04 21:00:02,460 INFO o.a.j.t.JMeterThread: Thread finished: Teachers and learners 1-827
2026-10-04 21:00:02,470 INFO o.a.j.t.JMeterThread: Thread is done: Teachers and learners 1-877
2026-10-04 21:00:02,471 INFO o.a.j.t.JMeterThread: Thread finished: Teachers and learners 1-877
2026-10-04 21:00:02,482 INFO o.a.j.t.JMeterThread: Thread is done: Teachers and learners 1-868
2026-10-04 21:00:02,482 INFO o.a.j.t.JMeterThread: Thread finished: Teachers and learners 1-868
2026-10-04 21:00:02,543 INFO o.a.j.t.JMeterThread: Thread is done: Teachers and learners 1-893
2026-10-04 21:00:02,543 INFO o.a.j.t.JMeterThread: Thread finished: Teachers and learners 1-893
2026-10-04 21:00:02,580 INFO o.a.j.t.JMeterThread: Thread is done: Teachers and learners 1-865
2026-10-04 21:00:02,580 INFO o.a.j.t.JMeterThread: Thread finished: Teachers and learners 1-865
2026-10-04 21:00:02,644 INFO o.a.j.t.JMeterThread: Thread is done: Teachers and learners 1-867
2026-10-04 21:00:02,644 INFO o.a.j.t.JMeterThread: Thread finished: Teachers and learners 1-867
2026-10-04 21:00:02,862 INFO o.a.j.t.JMeterThread: Thread is done: Teachers and learners 1-819
2026-10-04 21:00:02,862 INFO o.a.j.t.JMeterThread: Thread finished: Teachers and learners 1-819
2026-10-04 21:00:02,884 INFO o.a.j.t.JMeterThread: Thread is done: Teachers and learners 1-875
2026-10-04 21:00:02,884 INFO o.a.j.t.JMeterThread: Thread finished: Teachers and learners 1-875
2026-10-04 21:00:02,917 INFO o.a.j.t.JMeterThread: Thread is done: Teachers and learners 1-850
2026-10-04 21:00:02,917 INFO o.a.j.t.JMeterThread: Thread finished: Teachers and learners 1-850
2026-10-04 21:00:02,989 INFO o.a.j.t.JMeterThread: Thread is done: Teachers and learners 1-826
2026-10-04 21:00:02,989 INFO o.a.j.t.JMeterThread: Thread finished: Teachers and learners 1-826
2026-10-04 21:00:03,199 INFO o.a.j.t.JMeterThread: Thread is done: Teachers and learners 1-886
2026-10-04 21:00:03,199 INFO o.a.j.t.JMeterThread: Thread finished: Teachers and learners 1-886
2026-10-04 21:00:03,219 INFO o.a.j.t.JMeterThread: Thread is done: Teachers and learners 1-835
2026-10-04 21:00:03,219 INFO o.a.j.t.JMeterThread: Thread finished: Teachers and learners 1-835
2026-10-04 21:00:03,237 INFO o.a.j.t.JMeterThread: Thread is done: Teachers and learners 1-905
2026-10-04 21:00:03,237 INFO o.a.j.t.JMeterThread: Thread finished: Teachers and learners 1-905
2026-10-04 21:00:03,253 INFO o.a.j.t.JMeterThread: Thread is done: Teachers and learners 1-890
2026-10-04 21:00:03,253 INFO o.a.j.t.JMeterThread: Thread finished: Teachers and learners 1-890
2026-10-04 21:00:03,288 INFO o.a.j.t.JMeterThread: Thread is done: Teachers and learners 1-885
2026-10-04 21:00:03,288 INFO o.a.j.t.JMeterThread: Thread finished: Teachers and learners 1-885
2026-10-04 21:00:03,398 INFO o.a.j.t.JMeterThread: Thread is done: Teachers and learners 1-894
2026-10-04 21:00:03,398 INFO o.a.j.t.JMeterThread: Thread finished: Teachers and learners 1-894
2026-10-04 21:00:03,411 INFO o.a.j.t.JMeterThread: Thread is done: Teachers and learners 1-922
2026-10-04 21:00:03,411 INFO o.a.j.t.JMeterThread: Thread finished: Teachers and learners 1-922
2026-10-04 21:00:03,428 INFO o.a.j.t.JMeterThread: Thread is done: Teachers and learners 1-881
2026-10-04 21:00:03,428 INFO o.a.j.t.JMeterThread: Thread finished: Teachers and learners 1-881
2026-10-04 21:00:03,452 INFO o.a.j.t.JMeterThread: Thread is done: Teachers and learners 1-911
2026-10-04 21:00:03,452 INFO o.a.j.t.JMeterThread: Thread finished: Teachers and learners 1-911
2026-10-04 21:00:03,721 INFO o.a.j.t.JMeterThread: Thread is done: Teachers and learners 1-898
2026-10-04 21:00:03,721 INFO o.a.j.t.JMeterThread: Thread finished: Teachers and learners 1-898
2026-10-04 21:00:03,764 INFO o.a.j.t.JMeterThread: Thread is done: Teachers and learners 1-887
2026-10-04 21:00:03,764 INFO o.a.j.t.JMeterThread: Thread finished: Teachers and learners 1-887
2026-10-04 21:00:03,803 INFO o.a.j.t.JMeterThread: Thread is done: Teachers and learners 1-902
2026-10-04 21:00:03,804 INFO o.a.j.t.JMeterThread: Thread finished: Teachers and learners 1-902
2026-10-04 21:00:03,845 INFO o.a.j.t.JMeterThread: Thread is done: Teachers and learners 1-891
2026-10-04 21:00:03,845 INFO o.a.j.t.JMeterThread: Thread finished: Teachers and learners 1-891
2026-10-04 21:00:03,889 INFO o.a.j.t.JMeterThread: Thread is done: Teachers and learners 1-917
2026-10-04 21:00:03,889 INFO o.a.j.t.JMeterThread: Thread finished: Teachers and learners 1-917
2026-10-04 21:00:04,395 INFO o.a.j.t.JMeterThread: Thread is done: Teachers and learners 1-880
2026-10-04 21:00:04,395 INFO o.a.j.t.JMeterThread: Thread finished: Teachers and learners 1-880
2026-10-04 21:00:04,439 INFO o.a.j.t.JMeterThread: Thread is done: Teachers and learners 1-908
2026-10-04 21:00:04,439 INFO o.a.j.t.JMeterThread: Thread finished: Teachers and learners 1-908
2026-10-04 21:00:04,493 INFO o.a.j.t.JMeterThread: Thread is done: Teachers and learners 1-896
2026-10-04 21:00:04,493 INFO o.a.j.t.JMeterThread: Thread finished: Teachers and learners 1-896
2026-10-04 21:00:04,539 INFO o.a.j.t.JMeterThread: Thread is done: Teachers and learners 1-874
2026-10-04 21:00:04,539 INFO o.a.j.t.JMeterThread: Thread finished: Teachers and learners 1-874
2026-10-04 21:00:04,583 INFO o.a.j.t.JMeterThread: Thread is done: Teachers and learners 1-878
2026-10-04 21:00:04,583 INFO o.a.j.t.JMeterThread: Thread finished: Teachers and learners 1-878
2026-10-04 21:00:04,627 INFO o.a.j.t.JMeterThread: Thread is done: Teachers and learners 1-915
2026-10-04 21:00:04,627 INFO o.a.j.t.JMeterThread: Thread finished: Teachers and learners 1-915
2026-10-04 21:00:04,668 INFO o.a.j.t.JMeterThread: Thread is done: Teachers and learners 1-916
2026-10-04 21:00:04,668 INFO o.a.j.t.JMeterThread: Thread finished: Teachers and learners 1-916
2026-10-04 21:00:04,702 INFO o.a.j.t.JMeterThread: Thread is done: Teachers and learners 1-924
2026-10-04 21:00:04,702 INFO o.a.j.t.JMeterThread: Thread finished: Teachers and learners 1-924
2026-10-04 21:00:04,736 INFO o.a.j.t.JMeterThread: Thread is done: Teachers and learners 1-892
2026-10-04 21:00:04,736 INFO o.a.j.t.JMeterThread: Thread finished: Teachers and learners 1-892
2026-10-04 21:00:04,768 INFO o.a.j.t.JMeterThread: Thread is done: Teachers and learners 1-903
2026-10-04 21:00:04,768 INFO o.a.j.t.JMeterThread: Thread finished: Teachers and learners 1-903
2026-10-04 21:00:04,820 INFO o.a.j.t.JMeterThread: Thread is done: Teachers and learners 1-920
2026-10-04 21:00:04,820 INFO o.a.j.t.JMeterThread: Thread finished: Teachers and learners 1-920
2026-10-04 21:00:04,860 INFO o.a.j.t.JMeterThread: Thread is done: Teachers and learners 1-945
2026-10-04 21:00:04,860 INFO o.a.j.t.JMeterThread: Thread finished: Teachers and learners 1-945
2026-10-04 21:00:04,905 INFO o.a.j.t.JMeterThread: Thread is done: Teachers and learners 1-899
2026-10-04 21:00:04,905 INFO o.a.j.t.JMeterThread: Thread finished: Teachers and learners 1-899
2026-10-04 21:00:04,967 INFO o.a.j.t.JMeterThread: Thread is done: Teachers and learners 1-897
2026-10-04 21:00:04,967 INFO o.a.j.t.JMeterThread: Thread finished: Teachers and learners 1-897
2026-10-04 21:00:05,016 INFO o.a.j.t.JMeterThread: Thread is done: Teachers and learners 1-914
2026-10-04 21:00:05,016 INFO o.a.j.t.JMeterThread: Thread finished: Teachers and learners 1-914
2026-10-04 21:00:05,051 INFO o.a.j.t.JMeterThread: Thread is done: Teachers and learners 1-882
2026-10-04 21:00:05,051 INFO o.a.j.t.JMeterThread: Thread finished: Teachers and learners 1-882
2026-10-04 21:00:05,101 INFO o.a.j.t.JMeterThread: Thread is done: Teachers and learners 1-862
2026-10-04 21:00:05,101 INFO o.a.j.t.JMeterThread: Thread finished: Teachers and learners 1-862
2026-10-04 21:00:05,141 INFO o.a.j.t.JMeterThread: Thread is done: Teachers and learners 1-910
2026-10-04 21:00:05,141 INFO o.a.j.t.JMeterThread: Thread finished: Teachers and learners 1-910
2026-10-04 21:00:05,181 INFO o.a.j.t.JMeterThread: Thread is done: Teachers and learners 1-935
2026-10-04 21:00:05,181 INFO o.a.j.t.JMeterThread: Thread finished: Teachers and learners 1-935
2026-10-04 21:00:05,228 INFO o.a.j.t.JMeterThread: Thread is done: Teachers and learners 1-873
2026-10-04 21:00:05,228 INFO o.a.j.t.JMeterThread: Thread finished: Teachers and learners 1-873
2026-10-04 21:00:05,262 INFO o.a.j.t.JMeterThread: Thread is done: Teachers and learners 1-912
2026-10-04 21:00:05,262 INFO o.a.j.t.JMeterThread: Thread finished: Teachers and learners 1-912
2026-10-04 21:00:05,298 INFO o.a.j.t.JMeterThread: Thread is done: Teachers and learners 1-926
2026-10-04 21:00:05,298 INFO o.a.j.t.JMeterThread: Thread finished: Teachers and learners 1-926
2026-10-04 21:00:05,328 INFO o.a.j.t.JMeterThread: Thread is done: Teachers and learners 1-884
2026-10-04 21:00:05,328 INFO o.a.j.t.JMeterThread: Thread finished: Teachers and learners 1-884
2026-10-04 21:00:05,357 INFO o.a.j.t.JMeterThread: Thread is done: Teachers and learners 1-879
2026-10-04 21:00:05,357 INFO o.a.j.t.JMeterThread: Thread finished: Teachers and learners 1-879
2026-10-04 21:00:05,378 INFO o.a.j.t.JMeterThread: Thread is done: Teachers and learners 1-909
2026-10-04 21:00:05,378 INFO o.a.j.t.JMeterThread: Thread finished: Teachers and learners 1-909
2026-10-04 21:00:05,400 INFO o.a.j.t.JMeterThread: Thread is done: Teachers and learners 1-919
2026-10-04 21:00:05,400 INFO o.a.j.t.JMeterThread: Thread finished: Teachers and learners 1-919
2026-10-04 21:00:05,429 INFO o.a.j.t.JMeterThread: Thread is done: Teachers and learners 1-965
2026-10-04 21:00:05,429 INFO o.a.j.t.JMeterThread: Thread finished: Teachers and learners 1-965
2026-10-04 21:00:05,450 INFO o.a.j.t.JMeterThread: Thread is done: Teachers and learners 1-906
2026-10-04 21:00:05,450 INFO o.a.j.t.JMeterThread: Thread finished: Teachers and learners 1-906
2026-10-04 21:00:05,470 INFO o.a.j.t.JMeterThread: Thread is done: Teachers and learners 1-900
2026-10-04 21:00:05,470 INFO o.a.j.t.JMeterThread: Thread finished: Teachers and learners 1-900
2026-10-04 21:00:05,488 INFO o.a.j.t.JMeterThread: Thread is done: Teachers and learners 1-889
2026-10-04 21:00:05,488 INFO o.a.j.t.JMeterThread: Thread finished: Teachers and learners 1-889
2026-10-04 21:00:05,512 INFO o.a.j.t.JMeterThread: Thread is done: Teachers and learners 1-895
2026-10-04 21:00:05,512 INFO o.a.j.t.JMeterThread: Thread finished: Teachers and learners 1-895
2026-10-04 21:00:05,522 INFO o.a.j.t.JMeterThread: Thread is done: Teachers and learners 1-853
2026-10-04 21:00:05,522 INFO o.a.j.t.JMeterThread: Thread finished: Teachers and learners 1-853
2026-10-04 21:00:05,530 INFO o.a.j.t.JMeterThread: Thread is done: Teachers and learners 1-929
2026-10-04 21:00:05,530 INFO o.a.j.t.JMeterThread: Thread finished: Teachers and learners 1-929
2026-10-04 21:00:05,548 INFO o.a.j.t.JMeterThread: Thread is done: Teachers and learners 1-946
2026-10-04 21:00:05,548 INFO o.a.j.t.JMeterThread: Thread finished: Teachers and learners 1-946
2026-10-04 21:00:05,561 INFO o.a.j.t.JMeterThread: Thread is done: Teachers and learners 1-918
2026-10-04 21:00:05,561 INFO o.a.j.t.JMeterThread: Thread finished: Teachers and learners 1-918
2026-10-04 21:00:05,571 INFO o.a.j.t.JMeterThread: Thread is done: Teachers and learners 1-907
2026-10-04 21:00:05,571 INFO o.a.j.t.JMeterThread: Thread finished: Teachers and learners 1-907
2026-10-04 21:00:05,583 INFO o.a.j.t.JMeterThread: Thread is done: Teachers and learners 1-942
2026-10-04 21:00:05,583 INFO o.a.j.t.JMeterThread: Thread finished: Teachers and learners 1-942
2026-10-04 21:00:05,591 INFO o.a.j.t.JMeterThread: Thread is done: Teachers and learners 1-975
2026-10-04 21:00:05,591 INFO o.a.j.t.JMeterThread: Thread finished: Teachers and learners 1-975
2026-10-04 21:00:05,598 INFO o.a.j.t.JMeterThread: Thread is done: Teachers and learners 1-930
2026-10-04 21:00:05,598 INFO o.a.j.t.JMeterThread: Thread finished: Teachers and learners 1-930
2026-10-04 21:00:06,053 INFO o.a.j.t.JMeterThread: Thread is done: Teachers and learners 1-913
2026-10-04 21:00:06,053 INFO o.a.j.t.JMeterThread: Thread finished: Teachers and learners 1-913
2026-10-04 21:00:06,121 INFO o.a.j.t.JMeterThread: Thread is done: Teachers and learners 1-813
2026-10-04 21:00:06,121 INFO o.a.j.t.JMeterThread: Thread finished: Teachers and learners 1-813
2026-10-04 21:00:06,180 INFO o.a.j.t.JMeterThread: Thread is done: Teachers and learners 1-901
2026-10-04 21:00:06,180 INFO o.a.j.t.JMeterThread: Thread finished: Teachers and learners 1-901
2026-10-04 21:00:06,227 INFO o.a.j.t.JMeterThread: Thread is done: Teachers and learners 1-928
2026-10-04 21:00:06,227 INFO o.a.j.t.JMeterThread: Thread finished: Teachers and learners 1-928
2026-10-04 21:00:06,377 INFO o.a.j.t.JMeterThread: Thread is done: Teachers and learners 1-977
2026-10-04 21:00:06,378 INFO o.a.j.t.JMeterThread: Thread finished: Teachers and learners 1-977
2026-10-04 21:00:06,426 INFO o.a.j.t.JMeterThread: Thread is done: Teachers and learners 1-938
2026-10-04 21:00:06,426 INFO o.a.j.t.JMeterThread: Thread finished: Teachers and learners 1-938
2026-10-04 21:00:06,708 INFO o.a.j.t.JMeterThread: Thread is done: Teachers and learners 1-872
2026-10-04 21:00:06,708 INFO o.a.j.t.JMeterThread: Thread finished: Teachers and learners 1-872
2026-10-04 21:00:06,741 INFO o.a.j.t.JMeterThread: Thread is done: Teachers and learners 1-988
2026-10-04 21:00:06,741 INFO o.a.j.t.JMeterThread: Thread finished: Teachers and learners 1-988
2026-10-04 21:00:06,781 INFO o.a.j.t.JMeterThread: Thread is done: Teachers and learners 1-941
2026-10-04 21:00:06,781 INFO o.a.j.t.JMeterThread: Thread finished: Teachers and learners 1-941
2026-10-04 21:00:06,832 INFO o.a.j.t.JMeterThread: Thread is done: Teachers and learners 1-983
2026-10-04 21:00:06,832 INFO o.a.j.t.JMeterThread: Thread finished: Teachers and learners 1-983
2026-10-04 21:00:06,881 INFO o.a.j.t.JMeterThread: Thread is done: Teachers and learners 1-955
2026-10-04 21:00:06,881 INFO o.a.j.t.JMeterThread: Thread finished: Teachers and learners 1-955
2026-10-04 21:00:06,931 INFO o.a.j.t.JMeterThread: Thread is done: Teachers and learners 1-923
2026-10-04 21:00:06,931 INFO o.a.j.t.JMeterThread: Thread finished: Teachers and learners 1-923
2026-10-04 21:00:06,963 INFO o.a.j.t.JMeterThread: Thread is done: Teachers and learners 1-939
2026-10-04 21:00:06,963 INFO o.a.j.t.JMeterThread: Thread finished: Teachers and learners 1-939
2026-10-04 21:00:06,998 INFO o.a.j.t.JMeterThread: Thread is done: Teachers and learners 1-949
2026-10-04 21:00:06,998 INFO o.a.j.t.JMeterThread: Thread finished: Teachers and learners 1-949
2026-10-04 21:00:07,039 INFO o.a.j.t.JMeterThread: Thread is done: Teachers and learners 1-972
2026-10-04 21:00:07,039 INFO o.a.j.t.JMeterThread: Thread finished: Teachers and learners 1-972
2026-10-04 21:00:07,105 INFO o.a.j.t.JMeterThread: Thread is done: Teachers and learners 1-971
2026-10-04 21:00:07,105 INFO o.a.j.t.JMeterThread: Thread finished: Teachers and learners 1-971
2026-10-04 21:00:07,146 INFO o.a.j.t.JMeterThread: Thread is done: Teachers and learners 1-947
2026-10-04 21:00:07,146 INFO o.a.j.t.JMeterThread: Thread finished: Teachers and learners 1-947
2026-10-04 21:00:07,189 INFO o.a.j.t.JMeterThread: Thread is done: Teachers and learners 1-974
2026-10-04 21:00:07,189 INFO o.a.j.t.JMeterThread: Thread finished: Teachers and learners 1-974
2026-10-04 21:00:07,263 INFO o.a.j.t.JMeterThread: Thread is done: Teachers and learners 1-932
2026-10-04 21:00:07,263 INFO o.a.j.t.JMeterThread: Thread finished: Teachers and learners 1-932
2026-10-04 21:00:07,396 INFO o.a.j.t.JMeterThread: Thread is done: Teachers and learners 1-964
2026-10-04 21:00:07,396 INFO o.a.j.t.JMeterThread: Thread finished: Teachers and learners 1-964
2026-10-04 21:00:07,422 INFO o.a.j.t.JMeterThread: Thread is done: Teachers and learners 1-968
2026-10-04 21:00:07,422 INFO o.a.j.t.JMeterThread: Thread finished: Teachers and learners 1-968
2026-10-04 21:00:07,464 INFO o.a.j.t.JMeterThread: Thread is done: Teachers and learners 1-989
2026-10-04 21:00:07,464 INFO o.a.j.t.JMeterThread: Thread finished: Teachers and learners 1-989
2026-10-04 21:00:07,507 INFO o.a.j.t.JMeterThread: Thread is done: Teachers and learners 1-961
2026-10-04 21:00:07,507 INFO o.a.j.t.JMeterThread: Thread finished: Teachers and learners 1-961
2026-10-04 21:00:07,549 INFO o.a.j.t.JMeterThread: Thread is done: Teachers and learners 1-960
2026-10-04 21:00:07,549 INFO o.a.j.t.JMeterThread: Thread finished: Teachers and learners 1-960
2026-10-04 21:00:07,594 INFO o.a.j.t.JMeterThread: Thread is done: Teachers and learners 1-936
2026-10-04 21:00:07,594 INFO o.a.j.t.JMeterThread: Thread finished: Teachers and learners 1-936
2026-10-04 21:00:07,637 INFO o.a.j.t.JMeterThread: Thread is done: Teachers and learners 1-973
2026-10-04 21:00:07,637 INFO o.a.j.t.JMeterThread: Thread finished: Teachers and learners 1-973
2026-10-04 21:00:07,668 INFO o.a.j.t.JMeterThread: Thread is done: Teachers and learners 1-950
2026-10-04 21:00:07,669 INFO o.a.j.t.JMeterThread: Thread finished: Teachers and learners 1-950
2026-10-04 21:00:07,702 INFO o.a.j.t.JMeterThread: Thread is done: Teachers and learners 1-943
2026-10-04 21:00:07,702 INFO o.a.j.t.JMeterThread: Thread finished: Teachers and learners 1-943
2026-10-04 21:00:07,735 INFO o.a.j.t.JMeterThread: Thread is done: Teachers and learners 1-959
2026-10-04 21:00:07,735 INFO o.a.j.t.JMeterThread: Thread finished: Teachers and learners 1-959
2026-10-04 21:00:07,768 INFO o.a.j.t.JMeterThread: Thread is done: Teachers and learners 1-976
2026-10-04 21:00:07,768 INFO o.a.j.t.JMeterThread: Thread finished: Teachers and learners 1-976
2026-10-04 21:00:07,801 INFO o.a.j.t.JMeterThread: Thread is done: Teachers and learners 1-980
2026-10-04 21:00:07,801 INFO o.a.j.t.JMeterThread: Thread finished: Teachers and learners 1-980
2026-10-04 21:00:07,843 INFO o.a.j.t.JMeterThread: Thread is done: Teachers and learners 1-966
2026-10-04 21:00:07,843 INFO o.a.j.t.JMeterThread: Thread finished: Teachers and learners 1-966
2026-10-04 21:00:07,888 INFO o.a.j.t.JMeterThread: Thread is done: Teachers and learners 1-969
2026-10-04 21:00:07,888 INFO o.a.j.t.JMeterThread: Thread finished: Teachers and learners 1-969
2026-10-04 21:00:07,928 INFO o.a.j.t.JMeterThread: Thread is done: Teachers and learners 1-962
2026-10-04 21:00:07,928 INFO o.a.j.t.JMeterThread: Thread finished: Teachers and learners 1-962
2026-10-04 21:00:07,962 INFO o.a.j.t.JMeterThread: Thread is done: Teachers and learners 1-921
2026-10-04 21:00:07,962 INFO o.a.j.t.JMeterThread: Thread finished: Teachers and learners 1-921
2026-10-04 21:00:07,994 INFO o.a.j.t.JMeterThread: Thread is done: Teachers and learners 1-951
2026-10-04 21:00:07,994 INFO o.a.j.t.JMeterThread: Thread finished: Teachers and learners 1-951
2026-10-04 21:00:08,015 INFO o.a.j.t.JMeterThread: Thread is done: Teachers and learners 1-956
2026-10-04 21:00:08,015 INFO o.a.j.t.JMeterThread: Thread finished: Teachers and learners 1-956
2026-10-04 21:00:08,030 INFO o.a.j.t.JMeterThread: Thread is done: Teachers and learners 1-981
2026-10-04 21:00:08,030 INFO o.a.j.t.JMeterThread: Thread finished: Teachers and learners 1-981
2026-10-04 21:00:08,050 INFO o.a.j.t.JMeterThread: Thread is done: Teachers and learners 1-982
2026-10-04 21:00:08,050 INFO o.a.j.t.JMeterThread: Thread finished: Teachers and learners 1-982
2026-10-04 21:00:08,065 INFO o.a.j.t.JMeterThread: Thread is done: Teachers and learners 1-978
2026-10-04 21:00:08,065 INFO o.a.j.t.JMeterThread: Thread finished: Teachers and learners 1-978
2026-10-04 21:00:08,075 INFO o.a.j.t.JMeterThread: Thread is done: Teachers and learners 1-991
2026-10-04 21:00:08,075 INFO o.a.j.t.JMeterThread: Thread finished: Teachers and learners 1-991
2026-10-04 21:00:08,087 INFO o.a.j.t.JMeterThread: Thread is done: Teachers and learners 1-979
2026-10-04 21:00:08,087 INFO o.a.j.t.JMeterThread: Thread finished: Teachers and learners 1-979
2026-10-04 21:00:08,100 INFO o.a.j.t.JMeterThread: Thread is done: Teachers and learners 1-953
2026-10-04 21:00:08,100 INFO o.a.j.t.JMeterThread: Thread finished: Teachers and learners 1-953
2026-10-04 21:00:08,108 INFO o.a.j.t.JMeterThread: Thread is done: Teachers and learners 1-957
2026-10-04 21:00:08,108 INFO o.a.j.t.JMeterThread: Thread finished: Teachers and learners 1-957
2026-10-04 21:00:08,116 INFO o.a.j.t.JMeterThread: Thread is done: Teachers and learners 1-958
2026-10-04 21:00:08,116 INFO o.a.j.t.JMeterThread: Thread finished: Teachers and learners 1-958
2026-10-04 21:00:08,126 INFO o.a.j.t.JMeterThread: Thread is done: Teachers and learners 1-944
2026-10-04 21:00:08,126 INFO o.a.j.t.JMeterThread: Thread finished: Teachers and learners 1-944
2026-10-04 21:00:08,134 INFO o.a.j.t.JMeterThread: Thread is done: Teachers and learners 1-934
2026-10-04 21:00:08,134 INFO o.a.j.t.JMeterThread: Thread finished: Teachers and learners 1-934
2026-10-04 21:00:08,141 INFO o.a.j.t.JMeterThread: Thread is done: Teachers and learners 1-948
2026-10-04 21:00:08,141 INFO o.a.j.t.JMeterThread: Thread finished: Teachers and learners 1-948
2026-10-04 21:00:08,151 INFO o.a.j.t.JMeterThread: Thread is done: Teachers and learners 1-927
2026-10-04 21:00:08,151 INFO o.a.j.t.JMeterThread: Thread finished: Teachers and learners 1-927
2026-10-04 21:00:08,158 INFO o.a.j.t.JMeterThread: Thread is done: Teachers and learners 1-994
2026-10-04 21:00:08,158 INFO o.a.j.t.JMeterThread: Thread finished: Teachers and learners 1-994
2026-10-04 21:00:08,166 INFO o.a.j.t.JMeterThread: Thread is done: Teachers and learners 1-995
2026-10-04 21:00:08,166 INFO o.a.j.t.JMeterThread: Thread finished: Teachers and learners 1-995
2026-10-04 21:00:08,339 INFO o.a.j.t.JMeterThread: Thread is done: Teachers and learners 1-933
2026-10-04 21:00:08,339 INFO o.a.j.t.JMeterThread: Thread finished: Teachers and learners 1-933
2026-10-04 21:00:08,388 INFO o.a.j.t.JMeterThread: Thread is done: Teachers and learners 1-952
2026-10-04 21:00:08,388 INFO o.a.j.t.JMeterThread: Thread finished: Teachers and learners 1-952
2026-10-04 21:00:08,449 INFO o.a.j.t.JMeterThread: Thread is done: Teachers and learners 1-940
2026-10-04 21:00:08,449 INFO o.a.j.t.JMeterThread: Thread finished: Teachers and learners 1-940
2026-10-04 21:00:08,502 INFO o.a.j.t.JMeterThread: Thread is done: Teachers and learners 1-990
2026-10-04 21:00:08,502 INFO o.a.j.t.JMeterThread: Thread finished: Teachers and learners 1-990
2026-10-04 21:00:09,265 INFO o.a.j.t.JMeterThread: Thread is done: Teachers and learners 1-999
2026-10-04 21:00:09,266 INFO o.a.j.t.JMeterThread: Thread finished: Teachers and learners 1-999
2026-10-04 21:00:09,289 INFO o.a.j.t.JMeterThread: Thread is done: Teachers and learners 1-997
2026-10-04 21:00:09,289 INFO o.a.j.t.JMeterThread: Thread finished: Teachers and learners 1-997
2026-10-04 21:00:09,301 INFO o.a.j.t.JMeterThread: Thread is done: Teachers and learners 1-967
2026-10-04 21:00:09,301 INFO o.a.j.t.JMeterThread: Thread finished: Teachers and learners 1-967
2026-10-04 21:00:09,312 INFO o.a.j.t.JMeterThread: Thread is done: Teachers and learners 1-937
2026-10-04 21:00:09,312 INFO o.a.j.t.JMeterThread: Thread finished: Teachers and learners 1-937
2026-10-04 21:00:09,325 INFO o.a.j.t.JMeterThread: Thread is done: Teachers and learners 1-996
2026-10-04 21:00:09,325 INFO o.a.j.t.JMeterThread: Thread finished: Teachers and learners 1-996
2026-10-04 21:00:09,336 INFO o.a.j.t.JMeterThread: Thread is done: Teachers and learners 1-970
2026-10-04 21:00:09,336 INFO o.a.j.t.JMeterThread: Thread finished: Teachers and learners 1-970
2026-10-04 21:00:09,344 INFO o.a.j.t.JMeterThread: Thread is done: Teachers and learners 1-954
2026-10-04 21:00:09,344 INFO o.a.j.t.JMeterThread: Thread finished: Teachers and learners 1-954
2026-10-04 21:00:09,365 INFO o.a.j.t.JMeterThread: Thread is done: Teachers and learners 1-987
2026-10-04 21:00:09,365 INFO o.a.j.t.JMeterThread: Thread finished: Teachers and learners 1-987
2026-10-04 21:00:09,377 INFO o.a.j.t.JMeterThread: Thread is done: Teachers and learners 1-925
2026-10-04 21:00:09,377 INFO o.a.j.t.JMeterThread: Thread finished: Teachers and learners 1-925
2026-10-04 21:00:09,384 INFO o.a.j.t.JMeterThread: Thread is done: Teachers and learners 1-984
2026-10-04 21:00:09,384 INFO o.a.j.t.JMeterThread: Thread finished: Teachers and learners 1-984
2026-10-04 21:00:09,391 INFO o.a.j.t.JMeterThread: Thread is done: Teachers and learners 1-985
2026-10-04 21:00:09,391 INFO o.a.j.t.JMeterThread: Thread finished: Teachers and learners 1-985
2026-10-04 21:00:09,398 INFO o.a.j.t.JMeterThread: Thread is done: Teachers and learners 1-993
2026-10-04 21:00:09,398 INFO o.a.j.t.JMeterThread: Thread finished: Teachers and learners 1-993
2026-10-04 21:00:09,405 INFO o.a.j.t.JMeterThread: Thread is done: Teachers and learners 1-992
2026-10-04 21:00:09,405 INFO o.a.j.t.JMeterThread: Thread finished: Teachers and learners 1-992
2026-10-04 21:00:09,415 INFO o.a.j.t.JMeterThread: Thread is done: Teachers and learners 1-998
2026-10-04 21:00:09,415 INFO o.a.j.t.JMeterThread: Thread finished: Teachers and learners 1-998
2026-10-04 21:00:09,421 INFO o.a.j.t.JMeterThread: Thread is done: Teachers and learners 1-931
2026-10-04 21:00:09,421 INFO o.a.j.t.JMeterThread: Thread finished: Teachers and learners 1-931
2026-10-04 21:00:09,431 INFO o.a.j.t.JMeterThread: Thread is done: Teachers and learners 1-963
2026-10-04 21:00:09,431 INFO o.a.j.t.JMeterThread: Thread finished: Teachers and learners 1-963
2026-10-04 21:00:09,439 INFO o.a.j.t.JMeterThread: Thread is done: Teachers and learners 1-1000
2026-10-04 21:00:09,439 INFO o.a.j.t.JMeterThread: Thread finished: Teachers and learners 1-1000
2026-10-04 21:00:09,471 INFO o.a.j.t.JMeterThread: Thread is done: Teachers and learners 1-986
2026-10-04 21:00:09,471 INFO o.a.j.t.JMeterThread: Thread finished: Teachers and learners 1-986
2026-10-04 21:00:09,471 INFO o.a.j.e.StandardJMeterEngine: Notifying test listeners of end of test
2026-10-04 21:00:09,471 INFO o.a.j.r.Summariser: summary +    265 in 00:00:09 =   28.1/s Avg:  4269 Min:   915 Max:  6678 Err:     0 (0.00%) Active: 0 Started: 1000 Finished: 1000
2026-10-04 21:00:09,472 INFO o.a.j.r.Summariser: summary =  14000 in 00:01:20 =  174.6/s Avg:  1808 Min:     1 Max:  8569 Err:     0 (0.00%)
2026-10-04 21:00:09,472 INFO o.a.j.JMeter: Generating Dashboard
2026-10-04 21:00:09,472 INFO o.a.j.r.d.ReportGenerator: Flushing result collector before report Generation
2026-10-04 21:00:09,491 INFO o.a.j.r.p.NormalizerSampleConsumer: Using format, 'ms', to parse timeStamp field
2026-10-04 21:00:09,709 INFO o.a.j.r.p.AbstractSampleConsumer: class org.apache.jmeter.report.processor.AggregateConsumer#stopProducing(): beginDate produced 0 samples
2026-10-04 21:00:09,709 INFO o.a.j.r.p.AbstractSampleConsumer: class org.apache.jmeter.report.processor.AggregateConsumer#stopProducing(): endDate produced 0 samples
2026-10-04 21:00:09,710 INFO o.a.j.r.p.AbstractSampleConsumer: class org.apache.jmeter.report.processor.ApdexSummaryConsumer#stopProducing(): apdexSummary produced 0 samples
2026-10-04 21:00:09,710 INFO o.a.j.r.p.AbstractSampleConsumer: class org.apache.jmeter.report.processor.RequestsSummaryConsumer#stopProducing(): requestsSummary produced 0 samples
2026-10-04 21:00:09,714 INFO o.a.j.r.p.AbstractSampleConsumer: class org.apache.jmeter.report.processor.StatisticsSummaryConsumer#stopProducing(): statisticsSummary produced 0 samples
2026-10-04 21:00:09,716 INFO o.a.j.r.p.AbstractSampleConsumer: class org.apache.jmeter.report.processor.Top5ErrorsBySamplerConsumer#stopProducing(): top5ErrorsBySampler produced 0 samples
2026-10-04 21:00:09,716 INFO o.a.j.r.p.AbstractSampleConsumer: class org.apache.jmeter.report.processor.ErrorsSummaryConsumer#stopProducing(): errorsSummary produced 0 samples
2026-10-04 21:00:09,717 INFO o.a.j.r.p.AbstractSampleConsumer: class org.apache.jmeter.report.processor.graph.impl.HitsPerSecondGraphConsumer#stopProducing(): hitsPerSecond produced 0 samples
2026-10-04 21:00:09,792 INFO o.a.j.r.p.AbstractSampleConsumer: class org.apache.jmeter.report.processor.graph.impl.LatencyVSRequestGraphConsumer#stopProducing(): latencyVsRequest produced 0 samples
2026-10-04 21:00:09,793 INFO o.a.j.r.p.AbstractSampleConsumer: class org.apache.jmeter.report.processor.graph.impl.SyntheticResponseTimeDistributionGraphConsumer#stopProducing(): syntheticResponseTimeDistribution produced 0 samples
2026-10-04 21:00:09,793 INFO o.a.j.r.p.AbstractSampleConsumer: class org.apache.jmeter.report.processor.graph.impl.BytesThroughputGraphConsumer#stopProducing(): bytesThroughputOverTime produced 0 samples
2026-10-04 21:00:09,793 INFO o.a.j.r.p.AbstractSampleConsumer: class org.apache.jmeter.report.processor.graph.impl.CodesPerSecondGraphConsumer#stopProducing(): codesPerSecond produced 0 samples
2026-10-04 21:00:09,848 INFO o.a.j.r.p.AbstractSampleConsumer: class org.apache.jmeter.report.processor.graph.impl.ResponseTimeVSRequestGraphConsumer#stopProducing(): responseTimeVsRequest produced 0 samples
2026-10-04 21:00:09,849 INFO o.a.j.r.p.AbstractSampleConsumer: class org.apache.jmeter.report.processor.FilterConsumer#stopProducing(): startIntervalControlerFilter produced 98000 samples
2026-10-04 21:00:09,849 INFO o.a.j.r.p.AbstractSampleConsumer: class org.apache.jmeter.report.processor.graph.impl.TotalTPSGraphConsumer#stopProducing(): totalTPS produced 0 samples
2026-10-04 21:00:09,849 INFO o.a.j.r.p.AbstractSampleConsumer: class org.apache.jmeter.report.processor.graph.impl.ActiveThreadsGraphConsumer#stopProducing(): activeThreadsOverTime produced 0 samples
2026-10-04 21:00:09,849 INFO o.a.j.r.p.AbstractSampleConsumer: class org.apache.jmeter.report.processor.graph.impl.TimeVSThreadGraphConsumer#stopProducing(): timeVsThreads produced 0 samples
2026-10-04 21:00:09,852 INFO o.a.j.r.p.AbstractSampleConsumer: class org.apache.jmeter.report.processor.graph.impl.ResponseTimeDistributionGraphConsumer#stopProducing(): responseTimeDistribution produced 0 samples
2026-10-04 21:00:09,852 INFO o.a.j.r.p.AbstractSampleConsumer: class org.apache.jmeter.report.processor.graph.impl.TransactionsPerSecondGraphConsumer#stopProducing(): transactionsPerSecond produced 0 samples
2026-10-04 21:00:09,852 INFO o.a.j.r.p.AbstractSampleConsumer: class org.apache.jmeter.report.processor.graph.impl.ResponseTimePercentilesGraphConsumer#stopProducing(): responseTimePercentiles produced 0 samples
2026-10-04 21:00:09,860 INFO o.a.j.r.p.AbstractSampleConsumer: class org.apache.jmeter.report.processor.graph.impl.ResponseTimePercentilesOverTimeGraphConsumer#stopProducing(): responseTimePercentilesOverTime produced 0 samples
2026-10-04 21:00:09,860 INFO o.a.j.r.p.AbstractSampleConsumer: class org.apache.jmeter.report.processor.graph.impl.ResponseTimeOverTimeGraphConsumer#stopProducing(): responseTimesOverTime produced 0 samples
2026-10-04 21:00:09,860 INFO o.a.j.r.p.AbstractSampleConsumer: class org.apache.jmeter.report.processor.graph.impl.ConnectTimeOverTimeGraphConsumer#stopProducing(): connectTimeOverTime produced 0 samples
2026-10-04 21:00:09,860 INFO o.a.j.r.p.AbstractSampleConsumer: class org.apache.jmeter.report.processor.graph.impl.LatencyOverTimeGraphConsumer#stopProducing(): latenciesOverTime produced 0 samples
2026-10-04 21:00:09,860 INFO o.a.j.r.p.AbstractSampleConsumer: class org.apache.jmeter.report.processor.FilterConsumer#stopProducing(): nameFilter produced 210000 samples
2026-10-04 21:00:09,860 INFO o.a.j.r.p.AbstractSampleConsumer: class org.apache.jmeter.report.processor.FilterConsumer#stopProducing(): dateRangeFilter produced 42000 samples
2026-10-04 21:00:09,860 INFO o.a.j.r.p.AbstractSampleConsumer: class org.apache.jmeter.report.processor.NormalizerSampleConsumer#stopProducing(): normalizer produced 14000 samples
2026-10-04 21:00:09,861 INFO o.a.j.r.p.CsvFileSampleSource: produce(): 14000 samples produced in 356ms on channel 0
2026-10-04 21:00:09,861 INFO o.a.j.r.d.ReportGenerator: Exporting data using exporter:'json' of className:'org.apache.jmeter.report.dashboard.JsonExporter'
2026-10-04 21:00:09,890 INFO o.a.j.r.d.JsonExporter: Found data for consumer statisticsSummary in context
2026-10-04 21:00:09,890 INFO o.a.j.r.d.JsonExporter: Creating statistics for overall
2026-10-04 21:00:09,890 INFO o.a.j.r.d.JsonExporter: Creating statistics for other transactions
2026-10-04 21:00:09,891 INFO o.a.j.r.d.JsonExporter: Checking output folder
2026-10-04 21:00:09,891 INFO o.a.j.r.d.JsonExporter: Writing statistics JSON to D:\phoneme-builder\load-tests\results\x1000\report\statistics.json
2026-10-04 21:00:09,909 INFO o.a.j.r.d.ReportGenerator: Exporting data using exporter:'html' of className:'org.apache.jmeter.report.dashboard.HtmlTemplateExporter'
2026-10-04 21:00:09,911 INFO o.a.j.r.d.HtmlTemplateExporter: Will generate dashboard in folder: D:\phoneme-builder\load-tests\results\x1000\report
2026-10-04 21:00:09,975 INFO o.a.j.r.d.HtmlTemplateExporter: Report will be generated in: D:\phoneme-builder\load-tests\results\x1000\report, creating folder structure
2026-10-04 21:00:09,976 INFO o.a.j.r.d.TemplateVisitor: Copying folder from 'C:\Users\Ducky\Downloads\apache-jmeter-5.6.3\bin\report-template' to 'D:\phoneme-builder\load-tests\results\x1000\report', got message: D:\phoneme-builder\load-tests\results\x1000\report, found non empty folder with following content [D:\phoneme-builder\load-tests\results\x1000\report\statistics.json], will be ignored
2026-10-04 21:00:10,138 INFO o.a.j.JMeter: Dashboard generated
